link,type_v,address,town,price,rooms,surface,info,description,price_old,tags,agent,created,disponibilidad,barrio,barrio_ratio,id,nombre,sup_id,sup_nombre,tipo,precio_venta_1y,superficie_venta_1y,elasticidad_1y,precio_alquiler_1y,rentabilidad_1y,grow_acu_alquiler_1y,grow_acu_venta_1y,grow_acu_superficie_venta_1y,precio_venta_5y,superficie_venta_5y,elasticidad_5y,precio_alquiler_5y,rentabilidad_5y,grow_acu_alquiler_5y,grow_acu_venta_5y,grow_acu_superficie_venta_5y,precio_venta_10y,superficie_venta_10y,elasticidad_10y,precio_alquiler_10y,rentabilidad_10y,grow_acu_alquiler_10y,grow_acu_venta_10y,grow_acu_superficie_venta_10y,elasticidad_1y_stars,rentabilidad_1y_stars,grow_acu_alquiler_1y_stars,grow_acu_venta_1y_stars,elasticidad_5y_stars,rentabilidad_5y_stars,grow_acu_alquiler_5y_stars,grow_acu_venta_5y_stars,elasticidad_10y_stars,rentabilidad_10y_stars,grow_acu_alquiler_10y_stars,grow_acu_venta_10y_stars,global_score_stars,precio_m2,precio_desv_media,precio_venta_stars,precio_alquiler_estimado,precio_venta_estimado
https://www.idealista.com/inmueble/106590362/,piso,"calle de vidal i guasch, les roquetes, barcelona",,95000,2.0,65,"['2 hab.', '65 m²', 'Planta 1ª exterior sin ascensor']","housfy vende piso alquilado con una rentabilidad neta anual del 6,58% en roquetes.la vivienda esta actualmente alquilada a un inquilino fiable y cumplidor, con un contrato vigente por 2 anos y 9 meses mas. ademas, la propiedad cuenta con una poliza de seguro de inquilino renovable anualmente, brindando total tranquil",,['rentabilidad'],,2025-02-01 12:22:16,alquilada,les roquetes,1.0,80850,les roquetes,80800,nou barris,barri,2191,445,-0.1124,13,0.0763,-0.1657,0.0767,-0.2558,2010,1816,-0.0026,12,0.0755,-0.0427,0.2634,4.4659,1819,1760,inf,11,0.0757,0.1139,0.5133,6.3741,1,5,1,4,1,4,2,5,2,4,2,4,3.2,1461,0.67,3,845,142415
https://www.idealista.com/inmueble/106586185/,piso,"calle de palerm, 6, el besos, barcelona",,88500,3.0,54,"['3 hab.', '54 m²', 'Planta 2ª interior con ascensor']","inmueble ocupado ideal para invertir,imposibilidad de realizar visita en el interior del mismo.este se encuentra en la provincia de barcelona,disponemos de una amplia cartera de inmuebles en toda cataluna.llamenos para mas informacion.",,[],,2025-02-01 12:22:16,ocupada,el poblenou,0.631578947368421,81068,el poblenou,81000,sant marti,barri,4577,2220,0.7777,18,0.0495,-0.1266,-0.014,-0.2634,4180,2194,0.063,16,0.0474,-0.054,0.0231,-0.586,3773,4227,-0.0036,15,0.0482,0.1468,0.1281,10.9768,1,2,2,3,1,2,1,3,2,2,3,2,2.3,1638,0.36,4,972,247158
https://www.idealista.com/inmueble/106585942/,piso,"calle de vallcivera, 22, ciutat meridiana  torre baro  vallbona, barcelona",,95200,3.0,66,"['3 hab.', '66 m²', 'Planta 2ª interior con ascensor']","inmueble ocupado ideal para invertir,imposibilidad de realizar visita en el interior del mismo.este se encuentra en la provincia de barcelona,disponemos de una amplia cartera de inmuebles en toda cataluna.llamenos para mas informacion.",,[],,2025-02-01 12:22:16,ocupada,ciutat meridiana,0.5925925925925926,80855,ciutat meridiana,80800,nou barris,barri,1608,795,2.0107,10,0.0791,-0.126,-0.0569,0.1741,1768,741,1.1003,9,0.0673,-0.0745,-0.0235,0.0806,1557,596,0.1067,8,0.0698,-0.0334,0.4835,1.1948,1,5,2,3,2,4,1,3,2,3,2,4,1.4,1442,0.9,2,660,106128
https://www.idealista.com/inmueble/106583246/,piso,"calle de vila i vila, el poble sec  parc de montjuic, barcelona",,60000,3.0,65,"['3 hab.', '65 m²', 'Entreplanta exterior con ascensor']",**mas info. en web y redes: bhorus** aqui podras informarte en detalle de la subasta.bhorus sl es la unica empresa a nivel nacional con documentacion demostrable en todo tipo de operaciones de subasta.cuidado! las subastas tienen mucho riesgo si no son analizadas por los profesionales adecuados.accede a nuestra web,83800.0,[],,2025-02-01 12:22:16,disponible,el poble sec,0.5714285714285714,80311,el poble sec,80300,sants montjuic,barri,3717,7438,0.0139,16,0.0545,-0.2113,0.0042,-0.1619,3485,5896,0.1135,15,0.0524,-0.142,-0.0364,2.0981,3258,4413,0.0935,14,0.0526,-0.0013,0.3184,3.1247,1,3,1,4,1,2,1,3,2,2,2,3,3.3,923,0.25,4,1040,241605
https://www.idealista.com/inmueble/106577392/,piso,"ciutat meridiana  torre baro  vallbona, barcelona",,48000,2.0,60,"['2 hab.', '60 m²', 'Bajo exterior con ascensor']","local comercial para reformar como viviendaplanta baja de 58m ideal para reformar como vivienda tipo loft. local comercial sin cedula de habitabilidad, con salida de humos.justo al lado de la salida del metro can cuias (l11).en el precio no estan incluidos los siguientes gastos: itp, notario, registro, honorario",,"['local', 'metro', 'local comercial', 'para reformar', 'sin cedula']",,2025-02-01 12:22:16,disponible,ciutat meridiana,0.5925925925925926,80855,ciutat meridiana,80800,nou barris,barri,1608,795,2.0107,10,0.0791,-0.126,-0.0569,0.1741,1768,741,1.1003,9,0.0673,-0.0745,-0.0235,0.0806,1557,596,0.1067,8,0.0698,-0.0334,0.4835,1.1948,1,5,2,3,2,4,1,3,2,3,2,4,3.0,800,0.5,3,600,96480
https://www.idealista.com/inmueble/106576974/,estudio,"les roquetes, barcelona",,33000,,51,"['51 m²', 'Bajo exterior sin ascensor']","tecnocasa estudi mina de la ciutat s. l tiene el placer de presentarles este inmueble el cual tenemos en exclusiva:dos estudios por 33.000 cada uno, dispone de 51m de construccion, distribuidos cada uno de ellos de la siguiente manera: un espacio diafano tipo loft donde se puede hacer la cocina americana con salon c",,[],,2025-02-01 12:22:16,disponible,les roquetes,1.0,80850,les roquetes,80800,nou barris,barri,2191,445,-0.1124,13,0.0763,-0.1657,0.0767,-0.2558,2010,1816,-0.0026,12,0.0755,-0.0427,0.2634,4.4659,1819,1760,inf,11,0.0757,0.1139,0.5133,6.3741,1,5,1,4,1,4,2,5,2,4,2,4,3.8,647,0.3,4,663,111741
https://www.idealista.com/inmueble/102703365/,piso,"avenida dels rasos de peguera, ciutat meridiana  torre baro  vallbona, barcelona",,62000,3.0,56,"['3 hab.', '56 m²', ' con ascensor']","vivienda en la calle rasos de peguera, de la barriada de san andres de palomar de barcelona. tiene una superficie cincuenta y seis metros con sesenta y cuatro decimetros cuadrados, distribuidos en salon comedor, tres dormitorios, bano completo con banera y bidet, y cocina. la vivienda cuenta con calefaccion individual",,['calefaccion'],,2025-02-01 12:22:16,disponible,el turo de la peira,0.5416666666666666,80846,el turo de la peira,80800,nou barris,barri,2431,4388,-0.0257,13,0.0681,-0.1611,0.0195,-0.6001,2294,2058,0.4349,12,0.0647,-0.0181,0.1653,9.6036,2095,1327,inf,11,0.0652,0.174,0.3458,12.8063,1,4,1,4,2,3,2,4,2,3,3,3,3.0,1107,0.46,3,728,136136
https://www.idealista.com/inmueble/96950602/,chalet pareado,"calle de llobera, les roquetes, barcelona",,85000,2.0,97,"['2 hab.', '97 m²']","casa adosada de 97 m en venta, situada en barcelona. construida en 1958, esta casa adosada dispone de una superficie construida de 97 m, siendo la util de 60 m y se distribuye en salon, cocina, 2 dormitorios y 1 bano. la vivienda esta muy bien comunicada, proxima a la estacion de metro roquetes, con parada de autobu",,['metro'],,2025-02-01 12:22:16,disponible,vilapicina i la torre llobeta,0.5333333333333333,80844,vilapicina i la torre llobeta,80800,nou barris,barri,3278,566,-0.3142,14,0.0522,-0.1075,0.0324,-0.0454,2922,1573,0.0166,12,0.0532,-0.0222,0.0903,0.6267,2647,2158,inf,11,0.0547,0.0736,0.1376,14.349,1,2,2,4,1,2,2,3,2,2,2,2,3.2,876,0.27,4,1358,317966
https://www.idealista.com/inmueble/102978152/,piso,"via de barcino, la trinitat vella, barcelona",,59300,2.0,43,"['2 hab.', '43 m²', ' sin ascensor']","vivienda piso ubicada en la calle barcino de barcelona. el inmueble se encuentra ocupado ilegalmente por terceros y sin los suministros debidamente contratados. el inmueble se transmitira: (i) como cuerpo cierto y a tanto alzado (ii) como un todo, inseparable (iii) en el estado registral y catastral en el que se encu",,[],,2025-02-01 12:22:16,ocupada,la vila de gracia,0.6451612903225806,80631,la vila de gracia,80600,gracia,barri,4701,2757,-0.0994,18,0.0463,-0.1499,-0.0243,-0.451,4286,8520,-0.0267,16,0.0452,-0.0908,0.0732,4.1878,3913,7505,-0.0748,15,0.0469,0.0359,0.4847,6.9197,1,2,1,3,1,2,1,3,2,1,2,4,2.2,1379,0.29,4,774,202143
https://www.idealista.com/inmueble/102533810/,piso,"calle de la cera, el raval, barcelona",,71500,2.0,34,"['2 hab.', '34 m²', 'Planta 3ª sin ascensor']","piso en la calle de la cera, barcelona. esta destinado a vivienda y ocupa una superficie de veintinueve metros, setenta decimetros y medio cuadrados. el inmueble se encuentra ocupado ilegalmente por terceros y sin los suministros debidamente contratados. el inmueble se transmitira: (i) como cuerpo cierto y a tanto al",,[],,2025-02-01 12:22:16,ocupada,el raval,1.0,80101,el raval,80100,ciutat vella,barri,3007,11779,-inf,15,0.0632,-0.1448,0.0046,-0.2258,3034,2250,0.0482,14,0.0584,-0.1466,0.1385,-0.3722,2919,5179,0.0378,13,0.0575,-0.0235,0.3742,9.2588,1,3,2,4,2,3,1,4,3,2,2,3,1.7000000000000002,2102,0.7,3,510,102238
https://www.idealista.com/inmueble/102533819/,piso,"avenida dels rasos de peguera, ciutat meridiana  torre baro  vallbona, barcelona",,57700,3.0,70,"['3 hab.', '70 m²', 'Planta 5ª sin ascensor']","piso en la calle rasos de peguera de la barriada de san andres de palomar, barcelona. tiene una superficie aproximada de 62,70 m2. el inmueble se encuentra ocupado ilegalmente por terceros y sin los suministros debidamente contratados. el inmueble se transmitira: (i) como cuerpo cierto y a tanto alzado (ii) como un t",,[],,2025-02-01 12:22:16,ocupada,el turo de la peira,0.5416666666666666,80846,el turo de la peira,80800,nou barris,barri,2431,4388,-0.0257,13,0.0681,-0.1611,0.0195,-0.6001,2294,2058,0.4349,12,0.0647,-0.0181,0.1653,9.6036,2095,1327,inf,11,0.0652,0.174,0.3458,12.8063,1,4,1,4,2,3,2,4,2,3,3,3,2.6,824,0.34,4,910,170170
https://www.idealista.com/inmueble/104363395/,piso,"calle d'en sant climent, el raval, barcelona",,84100,2.0,55,"['2 hab.', '55 m²', 'Planta 4ª sin ascensor']","vivienda situada en barcelona, con frente a la calle salvador. de superficie cincuenta y cinco metros cuarenta y cinco decimetros cuadrados. el inmueble se transmite arrendado a tercero y con un posible derecho de este a la adquisicion preferente del mismo. el inmueble se transmitira: (i) como cuerpo cierto y a tanto",,[],,2025-02-01 12:22:16,alquilada,el raval,1.0,80101,el raval,80100,ciutat vella,barri,3007,11779,-inf,15,0.0632,-0.1448,0.0046,-0.2258,3034,2250,0.0482,14,0.0584,-0.1466,0.1385,-0.3722,2919,5179,0.0378,13,0.0575,-0.0235,0.3742,9.2588,1,3,2,4,2,3,1,4,3,2,2,3,2.7,1529,0.51,3,825,165385
https://www.idealista.com/inmueble/102842179/,piso,"calle de les agudes, ciutat meridiana  torre baro  vallbona, barcelona",,60000,3.0,49,"['3 hab.', '49 m²', 'Planta 3ª sin ascensor']","vivienda piso en un edificio residencial en la ciudad de barcelona. tiene una superficie aproximada de 47 m2. y esta distribuido en salon comedor, tres dormitorios, bano completo con banera y cocina semi amueblada con muebles altos y bajos lacados en color blanco. la vivienda cuenta con puerta de entrada blindada norma",,"['semi amueblada', 'entrada blindada']",,2025-02-01 12:22:16,disponible,sant genis dels agudells,0.6511627906976745,80739,sant genis dels agudells,80700,horta guinardo,barri,2960,287,-1.9914,10,0.044,-0.0194,-0.2551,-0.2145,2267,487,-0.3556,10,0.0598,0.0573,0.0195,3.3923,2077,958,inf,10,0.06,0.1558,-0.2203,3.2054,1,2,3,1,1,3,3,3,2,2,3,1,2.6,1224,0.41,3,490,145040
https://www.idealista.com/inmueble/103879319/,piso,"calle de joaquin costa, el raval, barcelona",,78800,1.0,40,"['1 hab.', '40 m²', 'Planta 5ª sin ascensor']","este encantador piso de 40m2, ubicado en un historico edificio del ano 1860 de siete plantas, te ofrece la combinacion perfecta de tradicion y modernidad. con una distribucion inteligente de 33m2 utiles, este hogar cuenta con un dormitorio acogedor y un bano completo, ideal para parejas o profesionales que buscan comod",,[],,2025-02-01 12:22:16,disponible,el raval,1.0,80101,el raval,80100,ciutat vella,barri,3007,11779,-inf,15,0.0632,-0.1448,0.0046,-0.2258,3034,2250,0.0482,14,0.0584,-0.1466,0.1385,-0.3722,2919,5179,0.0378,13,0.0575,-0.0235,0.3742,9.2588,1,3,2,4,2,3,1,4,3,2,2,3,2.7,1970,0.66,3,600,120280
https://www.idealista.com/inmueble/102533814/,piso,"calle de perafita, ciutat meridiana  torre baro  vallbona, barcelona",,64000,3.0,60,"['3 hab.', '60 m²', 'Planta 1ª sin ascensor']","vivienda ubicada en la barriada de sant andres de palomar de barcelona, en la calle perafita. tiene una superficie edificada de sesenta metros nueve decimetros cuadrados, y util de cincuenta y dos metros dieciocho decimetros cuadrados. el inmueble se encuentra ocupado ilegalmente por terceros y sin los suministros de",,[],,2025-02-01 12:22:16,ocupada,la vila de gracia,0.5882352941176471,80631,la vila de gracia,80600,gracia,barri,4701,2757,-0.0994,18,0.0463,-0.1499,-0.0243,-0.451,4286,8520,-0.0267,16,0.0452,-0.0908,0.0732,4.1878,3913,7505,-0.0748,15,0.0469,0.0359,0.4847,6.9197,1,2,1,3,1,2,1,3,2,1,2,4,2.8,1066,0.23,5,1080,282060
https://www.idealista.com/inmueble/102902348/,piso,"calle de travau, can peguera  el turo de la peira, barcelona",,50800,2.0,34,"['2 hab.', '34 m²', ' sin ascensor']","excelente piso de dos dormitorios y un bano. se encuentra en la planta baja de un edificio residencial de cuatro plantas sobre rasante. sin ascensor. situado en el municipio de barcelona. la vivienda se distribuye en dos dormitorios, amplio salon comedor, cocina independiente, un cuarto de bano y patio. la superficie c",,"['patio', 'sin ascensor']",,2025-02-01 12:22:16,disponible,la vila de gracia,0.5625,80631,la vila de gracia,80600,gracia,barri,4701,2757,-0.0994,18,0.0463,-0.1499,-0.0243,-0.451,4286,8520,-0.0267,16,0.0452,-0.0908,0.0732,4.1878,3913,7505,-0.0748,15,0.0469,0.0359,0.4847,6.9197,1,2,1,3,1,2,1,3,2,1,2,4,3.2,1494,0.32,4,612,159834
https://www.idealista.com/inmueble/102769004/,piso,"calle d'aiguablava, la trinitat nova, barcelona",,58800,2.0,45,"['2 hab.', '45 m²', 'Planta 3ª sin ascensor']",piso de 45 m2 situado en edificio de 5 plantas sobre rasante ubicado en la ciudad de barcelona provincia de barcelona. construido en el ano 1963 no dispone de ascensor se encuentra situado en zona urbana bien comunicada y rodeada de viviendas de similares caracteristicas con todos los servicios cercanos y accesibles.,,['de ascensor'],,2025-02-01 12:22:16,disponible,la trinitat nova,1.0,80853,la trinitat nova,80800,nou barris,barri,2099,625,0.0253,14,0.0847,-0.1749,-0.0763,-0.4677,1943,2046,-0.083,12,0.08,-0.098,0.0527,0.1005,1752,1563,-0.0824,11,0.0802,0.0442,0.4031,0.6519,1,5,1,3,1,5,1,3,2,4,2,3,3.1,1306,0.62,3,630,94455
https://www.idealista.com/inmueble/102610051/,piso,"calle albania, el besos, barcelona",,68200,3.0,56,"['3 hab.', '56 m²', 'Planta 5ª sin ascensor']","vivienda sita en la calle albania, de barcelona. tiene una superficie de cuarenta y seis metros sesenta y ocho decimetros cuadrados, distribuidos en una sola planta que se compone de ingreso, cocina comedor, tres dormitorios, aseo y terraza con lavadero. el inmueble ha sido adquirido a traves de un procedimiento judi",,"['terraza', 'lavadero']",,2025-02-01 12:22:16,disponible,el poblenou,0.631578947368421,81068,el poblenou,81000,sant marti,barri,4577,2220,0.7777,18,0.0495,-0.1266,-0.014,-0.2634,4180,2194,0.063,16,0.0474,-0.054,0.0231,-0.586,3773,4227,-0.0036,15,0.0482,0.1468,0.1281,10.9768,1,2,2,3,1,2,1,3,2,2,3,2,3.3,1217,0.27,4,1008,256312
https://www.idealista.com/inmueble/102951426/,piso,"via favencia, verdun, barcelona",,72600,1.0,53,"['1 hab.', '53 m²', 'Planta 1ª sin ascensor']","vivienda en el municipio de barcelona, provincia de barcelona. el inmueble se encuentra en una zona tranquila, rodeado por viviendas residenciales de similares caracteristicas. cuenta con facil acceso a la carretera y otros nudos de comunicacion. cercano a establecimientos y comercios de la zona. el inmueble ha sido",,[],,2025-02-01 12:22:16,disponible,la vila de gracia,0.5517241379310345,80631,la vila de gracia,80600,gracia,barri,4701,2757,-0.0994,18,0.0463,-0.1499,-0.0243,-0.451,4286,8520,-0.0267,16,0.0452,-0.0908,0.0732,4.1878,3913,7505,-0.0748,15,0.0469,0.0359,0.4847,6.9197,1,2,1,3,1,2,1,3,2,1,2,4,3.2,1369,0.29,4,954,249153
https://www.idealista.com/inmueble/102609977/,piso,"calle del gaia, la marina del port, barcelona",,97300,2.0,61,"['2 hab.', '61 m²', 'Planta 1ª sin ascensor']","vivienda en la calle gaia, de barcelona, montana de montjuic. tiene una superficie edificada de sesenta y un metros veintiocho decimetros cuadrados. se compone de varias dependencias y terraza exterior con lavadero. el inmueble ha sido adquirido a traves de un procedimiento judicial (concursal o hipotecario) por el v",,"['terraza', 'lavadero', 'terraza exterior']",,2025-02-01 12:22:16,disponible,la marina de port,0.9714285714285714,80313,la marina de port,80300,sants montjuic,barri,2577,1856,0.0189,12,0.0581,-0.132,0.0097,-0.138,2472,2589,-inf,11,0.0558,-0.1571,0.0706,3.3343,2354,2382,-inf,10,0.0546,0.2065,0.0439,9.639,1,3,2,4,1,3,1,3,2,2,3,2,2.7,1595,0.62,3,732,157197
https://www.idealista.com/inmueble/102533815/,piso,"calle de perafita, ciutat meridiana  torre baro  vallbona, barcelona",,63500,3.0,55,"['3 hab.', '55 m²', ' sin ascensor']","vivienda piso situado en un edificio residencial en la barriada de san andres de palomar, en la ciudad de barcelona. edificio construido en el ano 1971 compuesto de cuatro plantas sobre rasante sin ascensor. la vivienda cuenta con una superficie construida de 55,48 m2 y util de 46,54 m2 distribuyendose en salon comedor",,['sin ascensor'],,2025-02-01 12:22:16,disponible,la vila de gracia,0.5882352941176471,80631,la vila de gracia,80600,gracia,barri,4701,2757,-0.0994,18,0.0463,-0.1499,-0.0243,-0.451,4286,8520,-0.0267,16,0.0452,-0.0908,0.0732,4.1878,3913,7505,-0.0748,15,0.0469,0.0359,0.4847,6.9197,1,2,1,3,1,2,1,3,2,1,2,4,3.2,1154,0.25,4,990,258555
https://www.idealista.com/inmueble/96647125/,piso,"calle de les agudes, ciutat meridiana  torre baro  vallbona, barcelona",,98000,3.0,64,"['3 hab.', '64 m²', 'Planta 5ª exterior sin ascensor']","piso en barcelona, idoneo para familias. la vivienda consta de 64 m construidos distribuidos en tres habitaciones, salon comedor, cocina y un aseo y un balcon. el inmueble tiene mucha luz natural y suelos de parquet. la vivienda se encuentra en la 5a planta del edificio, sin ascensor. en sus alrededores encontramos su",,"['balcon', 'sin ascensor']",,2025-02-01 12:22:16,disponible,sant genis dels agudells,0.6511627906976745,80739,sant genis dels agudells,80700,horta guinardo,barri,2960,287,-1.9914,10,0.044,-0.0194,-0.2551,-0.2145,2267,487,-0.3556,10,0.0598,0.0573,0.0195,3.3923,2077,958,inf,10,0.06,0.1558,-0.2203,3.2054,1,2,3,1,1,3,3,3,2,2,3,1,2.6,1531,0.52,3,640,189440
https://www.idealista.com/inmueble/104922645/,piso,"calle de les agudes, ciutat meridiana  torre baro  vallbona, barcelona",,98000,3.0,64,"['3 hab.', '64 m²', 'Planta 5ª exterior sin ascensor']","west side vende:piso en barcelona en el barrio de el carmel.la vivienda consta de 64 m construidos y distribuidos en salon comedor con salida a balcon, cocina, 3 dormitorios y 1 bano completo.el inmueble tiene mucha luz natural, suelos de gres y calefaccion.la vivienda se encuentra en la 5a planta del edifici",,"['balcon', 'calefaccion']",,2025-02-01 12:22:16,disponible,sant genis dels agudells,0.6511627906976745,80739,sant genis dels agudells,80700,horta guinardo,barri,2960,287,-1.9914,10,0.044,-0.0194,-0.2551,-0.2145,2267,487,-0.3556,10,0.0598,0.0573,0.0195,3.3923,2077,958,inf,10,0.06,0.1558,-0.2203,3.2054,1,2,3,1,1,3,3,3,2,2,3,1,2.6,1531,0.52,3,640,189440
https://www.idealista.com/inmueble/106567285/,piso,"ciutat meridiana  torre baro  vallbona, barcelona",,50000,2.0,50,"['2 hab.', '50 m²', 'Bajo exterior sin ascensor']","espacio en venta en zona residencial, ideal para vivienda. con salida de humos!se vende espacio en excelente ubicacion dentro de una zona residencial, ideal para adaptarlo a vivienda. la propiedad tiene un gran potencial para transformarse en un moderno y acogedor piso de 2 o 3 habitaciones. dispone de salida de hum",,[],,2025-02-01 12:22:16,disponible,ciutat meridiana,0.5925925925925926,80855,ciutat meridiana,80800,nou barris,barri,1608,795,2.0107,10,0.0791,-0.126,-0.0569,0.1741,1768,741,1.1003,9,0.0673,-0.0745,-0.0235,0.0806,1557,596,0.1067,8,0.0698,-0.0334,0.4835,1.1948,1,5,2,3,2,4,1,3,2,3,2,4,3.0,1000,0.62,3,500,80400
https://www.idealista.com/inmueble/106563658/,piso,"calle de ramon rocafull, el carmel, barcelona",,71000,2.0,55,"['2 hab.', '55 m²', 'Planta 2ª sin ascensor']","piso en la calle ramon rocafull de barcelona. tiene una superficie de unos 50m2 con galeria lavadero de 3,30m2. el inmueble se transmite arrendado a tercero y con un posible derecho de este a la adquisicion preferente del mismo. el inmueble se transmitira: (i) como cuerpo cierto y a tanto alzado (ii) como un todo, in",,['lavadero'],,2025-02-01 12:22:16,alquilada,el carmel,1.0,80737,el carmel,80700,horta guinardo,barri,2553,623,-0.2137,13,0.064,-0.1589,0.0867,-0.1502,2306,2029,inf,12,0.0664,-0.0753,0.0075,1.7212,2122,3660,inf,11,0.0667,0.0187,0.3382,9.45,1,3,1,5,1,4,1,3,2,3,2,3,2.9,1290,0.51,3,715,140415
https://www.idealista.com/inmueble/102977935/,piso,"calle de les agudes, ciutat meridiana  torre baro  vallbona, barcelona",,51000,1.0,56,"['1 hab.', '56 m²', 'Sótano sin ascensor']","oportunidad solo para inversores. el activo se encuentra ocupado por persona sin justo titulo. debido al estado ocupacional del activo, no se pueden realizar visitas al mismo.piso de segunda mano en venta en barcelona. construido en 1972, tiene una superficie de 56 m distribuidos en diversas dependencias.se localiza e",52000.0,"['oportunidad', 'inversores']",,2025-02-01 12:22:16,ocupada,sant genis dels agudells,0.6511627906976745,80739,sant genis dels agudells,80700,horta guinardo,barri,2960,287,-1.9914,10,0.044,-0.0194,-0.2551,-0.2145,2267,487,-0.3556,10,0.0598,0.0573,0.0195,3.3923,2077,958,inf,10,0.06,0.1558,-0.2203,3.2054,1,2,3,1,1,3,3,3,2,2,3,1,2.2,910,0.31,4,560,165760
https://www.idealista.com/inmueble/106559982/,piso,"calle d'eduard toda, horta, barcelona",,59000,1.0,39,"['1 hab.', '39 m²', 'Bajo exterior sin ascensor']","horta residencial oportunidad!no tiene cedula de habitabilidad!estudio en una de las mejores zonas de barcelona, encontramos este espacio con muchas posibilidades.se trata de un local que se entregara totalmente reformado.tiene 30 metros utiles y muy bien distribuidos, salon cocina, bano y habitacion.techos alt",,"['oportunidad', 'estudio', 'local', 'tiene cedula', 'totalmente reformado']",,2025-02-01 12:22:16,disponible,la vall d'hebron,0.5142857142857142,80741,la vall d'hebron,80700,horta guinardo,barri,3255,12270,-inf,15,0.0586,0.0365,-0.1829,0.0774,3268,972,-inf,13,0.0512,0.1294,-0.1784,3.4736,3052,688,-inf,12,0.051,0.1684,0.0736,8.8422,1,3,4,1,1,2,3,2,2,2,3,2,2.7,1512,0.46,3,585,126945
https://www.idealista.com/inmueble/106422010/,piso,"calle del pare perez del pulgar, la trinitat vella, barcelona",,62900,3.0,57,"['3 hab.', '57 m²', 'Planta 2ª exterior sin ascensor']","solo inversores inmueble alquiladorentabilidad: 13,43%inicio del contrato: 07/05/2019fin del contrato: 06/05/2026renta: 703,65 propiedad con inquilino construida en el 1958 en barcelona, barcelona. es un piso en la planta baja, cuenta con 57m2 construidos,la informacion proporcionada en tiene diversas fuent",,['inversores'],,2025-02-01 12:24:47,alquilada,la trinitat vella,1.0,80957,la trinitat vella,80900,sant andreu,barri,2062,824,-0.1425,13,0.0778,-0.0955,0.0136,-0.5814,1846,2921,-0.0396,11,0.078,0.0104,0.0362,13.709,1792,1716,-0.6528,10,0.0736,0.174,1.0028,16.5434,1,5,2,4,1,5,2,3,2,3,3,5,3.2,1103,0.53,3,741,117534
https://www.idealista.com/inmueble/89362270/,piso,"calle de tarent, el besos, barcelona",,67200,3.0,52,"['3 hab.', '52 m²', 'Planta 1ª sin ascensor']","piso con terraza a la venta en barcelona ciudad (barcelona). esta situado en la primera planta de un edificio residencial dotado de portero automatico. se distribuye en un salon con acceso a la terraza y a un pequeno cuarto trastero, 3 dormitorios, cocina amueblada integrada en el salon, 1 bano equipado con plato de du",,"['terraza', 'cocina amueblada']",,2025-02-01 12:22:16,disponible,la vall d'hebron,0.5161290322580645,80741,la vall d'hebron,80700,horta guinardo,barri,3255,12270,-inf,15,0.0586,0.0365,-0.1829,0.0774,3268,972,-inf,13,0.0512,0.1294,-0.1784,3.4736,3052,688,-inf,12,0.051,0.1684,0.0736,8.8422,1,3,4,1,1,2,3,2,2,2,3,2,2.7,1292,0.4,3,780,169260
https://www.idealista.com/inmueble/106548622/,piso,"calle de sant rafael, 27, el raval, barcelona",,86700,1.0,39,"['1 hab.', '39 m²', ' interior sin ascensor']","carrer de sant rafael con rambla del raval: vivienda para reformar completamente, en 4 altura real de finca sin ascensor.piso interior, con superficie segun medicion de 32m utiles (36m construidos); distribuido en salon comedor, cocina independiente, un dormitorio, un estudio y bano.el inmueble no tiene ninguna",,"['estudio', 'para reformar', 'sin ascensor']",,2025-02-01 12:22:16,disponible,el raval,1.0,80101,el raval,80100,ciutat vella,barri,3007,11779,-inf,15,0.0632,-0.1448,0.0046,-0.2258,3034,2250,0.0482,14,0.0584,-0.1466,0.1385,-0.3722,2919,5179,0.0378,13,0.0575,-0.0235,0.3742,9.2588,1,3,2,4,2,3,1,4,3,2,2,3,2.7,2223,0.74,3,585,117273
https://www.fotocasa.es/es/comprar/vivienda/barcelona-capital/aire-acondicionado-no-amueblado/185311924/d,flat,"nou barris, ciutat meridiana, 08033, barcelona, nou barris",nou barris,48000,2.0,50,"['air_conditioner: 1', 'ceramic_stoneware: 6', 'alarm: 77', 'not_furnished: 130', 'antiquity: 7', 'bathrooms: 2', 'conservationStatus: 4', 'floor: 3', 'rooms: 2', 'surface: 50']","se vende espacio en excelente ubicacion dentro de una zona residencial, ideal para adaptarlo a vivienda. la propiedad tiene un gran potencial para transformarse en un moderno y acogedor piso de 2 o 3 habitaciones. dispone de salida de humos, permitiendo la instalacion de una cocina completa y otros servicios necesarios para una vivienda comoda y funcional. ubicado en un entorno tranquilo y bien comunicado, con facil acceso a servicios y comercios, este espacio es una opcion atractiva para quienes buscan un proyecto de reforma en una zona bien conectada. no dispone de cedula de habitabilidad, pero cuenta con las caracteristicas necesarias para convertirse en un hogar amplio y personalizado. el precio publicado no incluye los gastos de notaria, registro, itp, honorarios ni gastos de financiacion.",,"['de reforma ', 'de cedula']",https://www.fotocasa.es/es/comprar/inmuebles/espana/todas-las-zonas/l?clientId=9202770754462,2025-02-01 12:22:16,disponible,ciutat meridiana,1.0,80855,ciutat meridiana,80800,nou barris,barri,1608,795,2.0107,10,0.0791,-0.126,-0.0569,0.1741,1768,741,1.1003,9,0.0673,-0.0745,-0.0235,0.0806,1557,596,0.1067,8,0.0698,-0.0334,0.4835,1.1948,1,5,2,3,2,4,1,3,2,3,2,4,3.0,960,0.6,3,500,80400
https://www.fotocasa.es/es/comprar/vivienda/barcelona-capital/calefaccion-terraza-trastero/185302007/d,flat,"nou barris, vallbona, 08033, barcelona, nou barris",nou barris,76000,3.0,90,"['heating: 3', 'terrace: 10', 'storage_room: 11', 'balcony: 32', 'antiquity: 8', 'bathrooms: 1', 'conservationStatus: 4', 'floor: 6', 'hotWater: 2', 'rooms: 3', 'surface: 90']",,,[],https://www.fotocasa.es/es/inmobiliaria-afys-manresa/comprar/inmuebles/espana/todas-las-zonas/l?clientId=9202760221545,2025-02-01 12:22:16,disponible,vallbona,1.0,80856,vallbona,80800,nou barris,barri,2467,115,0.0,13,0.064,0.0,0.0,0.0,1213,179,-3.1351,7,0.0759,0.0769,-0.0335,1.1964,1261,131,inf,7,0.0728,-0.188,-0.1442,1.4947,1,5,4,4,1,4,3,3,2,3,1,1,3.2,844,0.34,4,1170,222030
https://www.fotocasa.es/es/comprar/vivienda/barcelona-capital/ascensor/185299433/d,flat,"sant marti, provencals del poblenou, 08019, barcelona, sant marti",sant marti,75000,2.0,121,"['elevator: 13', 'antiquity: 4', 'bathrooms: 1', 'floor: 7', 'rooms: 2', 'surface: 121']",*mas info. en web y redes: bhorus* aqui podras informarte en detalle de la subasta. bhorus sl es la unica empresa a nivel nacional con documentacion demostrable en todo tipo de operaciones de subasta. cuidado! las subastas tienen mucho riesgo si no son analizadas por los profesionales adecuados. accede a nuestra web o redes para mas informacion.,,[],https://www.fotocasa.es/es/comprar/inmuebles/espana/todas-las-zonas/l?clientId=9202769926870,2025-02-01 12:22:16,disponible,provencals del poblenou,1.0,81071,provencals del poblenou,81000,sant marti,barri,3469,685,-0.082,16,0.0564,-0.1507,-0.0283,-0.4352,3125,2848,inf,14,0.0576,-0.0876,0.0208,2.4358,2871,2037,inf,13,0.0578,0.0938,0.0465,8.3913,1,3,1,3,1,3,1,3,2,2,2,2,3.8,619,0.18,5,1936,419749
https://www.fotocasa.es/es/comprar/vivienda/barcelona-capital/el-carmel/185297516/d,flat,"horta  guinardo, el carmel, 08032, barcelona, horta  guinardo",horta  guinardo,74900,2.0,54,"['bathrooms: 1', 'rooms: 2', 'surface: 54']","vivienda ubicada en barcelona, en la zona de nou barris. piso exterior que ocupa una superficie aproximada de 82 m2 perfectamente distribuido en salon comedor, cocina, tres habitaciones, un bano y amplia terraza.",,"['terraza', 'piso exterior']",https://www.fotocasa.es/es/inmobiliaria-premium-house/comprar/inmuebles/espana/todas-las-zonas/l?clientId=9202770005324,2025-02-01 12:22:16,disponible,el carmel,1.0,80737,el carmel,80700,horta guinardo,barri,2553,623,-0.2137,13,0.064,-0.1589,0.0867,-0.1502,2306,2029,inf,12,0.0664,-0.0753,0.0075,1.7212,2122,3660,inf,11,0.0667,0.0187,0.3382,9.45,1,3,1,5,1,4,1,3,2,3,2,3,2.9,1387,0.54,3,702,137862
https://www.fotocasa.es/es/comprar/vivienda/barcelona-capital/vilapicina-i-la-torre-llobeta/185297292/d,flat,"nou barris, vilapicina i la torre llobeta, 08031, barcelona, nou barris",nou barris,37000,1.0,11,"['antiquity: 6', 'bathrooms: 1', 'conservationStatus: 3', 'rooms: 1', 'surface: 11']",horta guinardo cartella barcelona; local comercial 11m2 (aprox.385 alt) zona p maragall virrey amat. dispone de aseo y altillo. zona comercial con servicios (colegios),,"['local', 'local comercial', 'zona comercial']",https://www.fotocasa.es/es/comprar/inmuebles/espana/todas-las-zonas/l?clientId=9202766644317,2025-02-01 12:22:16,disponible,vilapicina i la torre llobeta,1.0,80844,vilapicina i la torre llobeta,80800,nou barris,barri,3278,566,-0.3142,14,0.0522,-0.1075,0.0324,-0.0454,2922,1573,0.0166,12,0.0532,-0.0222,0.0903,0.6267,2647,2158,inf,11,0.0547,0.0736,0.1376,14.349,1,2,2,4,1,2,2,3,2,2,2,2,1.4,3363,1.03,1,154,36058
https://www.fotocasa.es/es/comprar/vivienda/barcelona-capital/patio-no-amueblado/185296192/d,flat,"sants  montjuic, el poble sec  parc de montjuic, 08004, barcelona, sants  montjuic",sants  montjuic,99000,,20,"['yard: 16', 'not_furnished: 130', 'antiquity: 8', 'conservationStatus: 4', 'floor: 4', 'orientation: 7', 'surface: 20']","poble sec / poeta cabanyes. oportunidad!! bonito estudio de 20 m2, con terraza de 5m2 orientada a este y muy luminosa y soleada. registrado como estudio. suelos hidraulicos. situado al lado de avda. paralelo y a pocos minutos del mercat de sant antoni. lineas de metro 2 y 3.",,"['oportunidad', 'estudio', 'terraza', 'metro']",https://www.fotocasa.es/es/inmobiliaria-oh-pisos/comprar/inmuebles/espana/todas-las-zonas/l?clientId=9202751804233,2025-02-01 12:22:16,disponible,el poble sec,0.5714285714285714,80311,el poble sec,80300,sants montjuic,barri,3717,7438,0.0139,16,0.0545,-0.2113,0.0042,-0.1619,3485,5896,0.1135,15,0.0524,-0.142,-0.0364,2.0981,3258,4413,0.0935,14,0.0526,-0.0013,0.3184,3.1247,1,3,1,4,1,2,1,3,2,2,2,3,1.5,4950,1.33,1,320,74340
https://www.fotocasa.es/es/comprar/vivienda/barcelona-capital/ciutat-meridiana/185293936/d,flat,"nou barris, ciutat meridiana, 08033, barcelona, nou barris",nou barris,74900,2.0,52,"['antiquity: 7', 'bathrooms: 1', 'conservationStatus: 4', 'floor: 8', 'rooms: 2', 'surface: 52']","inmuebles wow en periodo de pujas desde el 09/01/2025 al 23/01/2025 a las 18:00 vivienda ubicada en barcelona, en la zona de nou barris. piso exterior distribuido en salon comedor, cocina, tres habitaciones, un bano y amplia terraza. no te pierdas esta oportunidad. vienes a conocernos? llamanos y prepararemos encantados una visita. en guimar somos expertos en la zona de barcelona y baix llobregat.",,"['terraza', 'oportunidad', 'piso exterior']",https://www.fotocasa.es/es/inmobiliaria-guimar-consulting/comprar/inmuebles/espana/todas-las-zonas/l?clientId=9202755651793,2025-02-01 12:22:16,disponible,ciutat meridiana,1.0,80855,ciutat meridiana,80800,nou barris,barri,1608,795,2.0107,10,0.0791,-0.126,-0.0569,0.1741,1768,741,1.1003,9,0.0673,-0.0745,-0.0235,0.0806,1557,596,0.1067,8,0.0698,-0.0334,0.4835,1.1948,1,5,2,3,2,4,1,3,2,3,2,4,2.4,1440,0.9,2,520,83616
https://www.fotocasa.es/es/comprar/vivienda/barcelona-capital/el-turo-de-la-peira/185284274/d,flat,"nou barris, el turo de la peira, 08031, barcelona, nou barris",nou barris,92000,2.0,45,"['antiquity: 7', 'bathrooms: 1', 'conservationStatus: 4', 'rooms: 2', 'surface: 45']","tecnocasa tiene el placer de presentarles oportunidad de inversion! piso de 50 m utiles con gran potencial se vende piso escriturado como local, ideal para reformar y convertir en un hogar moderno o aprovechar como inversion. con 50 m utiles distribuidos en dos habitaciones con posibilidad de crear una tercera, este espacio ofrece multiples opciones segun tus necesidades. cuenta con un bano completo con banera y amplias posibilidades para crear una cocina estilo americana integrada al salon comedor, lo que le dara un toque moderno y funcional. ademas, su ubicacion y distribucion permiten que se pueda transformar en un espacio muy acogedor o bien adaptarlo para alquiler. no pierdas la oportunidad de hacerte con este inmueble y darle tu toque personal, ideal para inversores! para mas informacion o concertar visita, no dudes en contactarnos. la ubicacion es excelente, con facil acceso a dos estaciones de metro cercanas: virrey amat y llucmajor. ademas, encontraras supermercados, comercios y otros servicios a pocos pasos, lo que hace de este atico una opcion muy practica para vivir. no dudes en venir a visitarlo! informacion al consumidor: le informamos que el precio de venta ofertado no incluye los gastos de compraventa (notaria, registro, gestoria, impuestos estatales itp y tasas y gastos bancarios, ni honorarios de agencia). si desea visitar este inmueble, cualquiera de nuestros agentes le informara detalladamente de estos gastos antes de visitarlo. tecnocasa, la inmobiliaria especialista en nou barris y kiron, intermediarios de credito que te conseguiran hipoteca con las mejores condiciones, trabajan juntos para ayudarte a comprar y vender tu vivienda o local en el barrio. pide una valoracion gratuita de tu piso, o consigue la mejor hipoteca fija, mixta o variable del mercado, nos encargamos de encontrar la financiacion para tu vivienda segun tus actuales posibilidades.",,"['oportunidad', 'inversion', 'local', 'inversores', 'metro', 'para reformar']",https://www.fotocasa.es/es/inmobiliaria-tecnocasa-fabra-i-puig-virrei-amat-pi-i-molist/comprar/inmuebles/espana/todas-las-zonas/l?clientId=9202773984252,2025-02-01 12:22:16,disponible,el turo de la peira,1.0,80846,el turo de la peira,80800,nou barris,barri,2431,4388,-0.0257,13,0.0681,-0.1611,0.0195,-0.6001,2294,2058,0.4349,12,0.0647,-0.0181,0.1653,9.6036,2095,1327,inf,11,0.0652,0.174,0.3458,12.8063,1,4,1,4,2,3,2,4,2,3,3,3,2.4,2044,0.84,2,585,109395
https://www.fotocasa.es/es/comprar/vivienda/barcelona-capital/la-font-de-la-guatlla/185207991/d,flat,"sants  montjuic, la font de la guatlla, 08004, barcelona, sants  montjuic",sants  montjuic,94000,1.0,29,"['antiquity: 6', 'bathrooms: 1', 'conservationStatus: 3', 'orientation: 2', 'rooms: 1', 'surface: 29']","estudio tipo local de 28 m con acceso directo desde la calle. se encuentra junto al parque montjuic y plaza espana, a pocos metros de la linea l1 del metro y a solo 15 minutos de la playa. el espacio es diafano, cuenta con cocina, bano completo y un pequeno patio, con excelente ventilacion y abundante luz natural. **venta directa sin comisiones. ** solo se acepta pago al contado o credito comercial, ya que al ser un local comercial no es posible obtener credito residencial. para programar una visita, envia un mensaje por el chat con tu numero de contacto y especifica si realizaras la compra al contado o con credito. gracias!",,"['estudio', 'local', 'metro', 'patio', 'credito comercial', 'local comercial']",https://www.fotocasa.es/es/comprar/inmuebles/espana/todas-las-zonas/l?clientId=9202774081366,2025-02-01 12:22:16,disponible,la font de la guatlla,1.0,80314,la font de la guatlla,80300,sants montjuic,barri,3394,1401,-1.1685,15,0.0562,-0.1502,0.049,-0.3566,3279,1795,-0.2328,14,0.0529,-0.0354,0.0873,5.2858,2988,1621,-0.1551,13,0.0545,0.026,0.266,8.9567,1,3,1,4,1,2,2,3,2,2,2,3,2.1,3241,0.95,2,435,98426
https://www.fotocasa.es/es/comprar/vivienda/barcelona-capital/la-bordeta/185280643/d,flat,"sants  montjuic, la bordeta, 08014, barcelona, sants  montjuic",sants  montjuic,89500,1.0,35,"['antiquity: 7', 'bathrooms: 1', 'conservationStatus: 4', 'floor: 3', 'rooms: 1', 'surface: 35']","tenemos varios estudios para vosotros. entre ellos, este con varias opciones. puede comprarse tal cual, para los mas creativos, o con el proyecto de reforma hecho. asi que me parece que es un espacio apto para todo el mundo. este estudio a pie de calle no tiene cedula de habitabilidad. esta a reformar o se puede comprar con el proyecto de reforma hecho (opcional a 20.000 + iva y 6 semanas mas). es un espacio diafano de 35m construidos. con la reforma, tendria una habitacion, un bano, salon comedor y cocina abierta. la finca es de 1973. os encantara!",,"['estudio', 'de reforma ', 'tiene cedula', 'a reformar', 'la reforma']",https://www.fotocasa.es/es/inmobiliaria-the-home-hunter/comprar/inmuebles/espana/todas-las-zonas/l?clientId=9202753426968,2025-02-01 12:22:16,disponible,la bordeta,1.0,80316,la bordeta,80300,sants montjuic,barri,3208,1965,0.0005,17,0.0672,-0.1263,-0.0297,-0.508,3088,3196,0.0798,15,0.0597,-0.1214,-0.0803,0.1863,2875,2438,-inf,13,0.0563,0.0541,0.1375,1.541,1,4,2,3,1,3,1,2,2,2,2,2,2.0,2557,0.8,2,595,112280
https://www.fotocasa.es/es/comprar/vivienda/barcelona-capital/patio-no-amueblado/185280454/d,flat,"sants  montjuic, la font de la guatlla, 08004, barcelona, sants  montjuic",sants  montjuic,94000,1.0,31,"['yard: 16', 'household_appliances: 21', 'not_furnished: 130', 'antiquity: 7', 'bathrooms: 1', 'conservationStatus: 1', 'floor: 3', 'hotWater: 2', 'orientation: 1', 'rooms: 1', 'surface: 31']","oportunidad unica para adquirir este estudio reformado integralmente en una zona privilegiada! este encantador piso tipo estudio, completamente renovado, cuenta con 31 m construidos y 24 m utiles que aprovechan al maximo cada rincon para ofrecer un espacio funcional y moderno. disenado como un ambiente unico, es perfecto para quienes buscan un espacio acogedor y versatil. ademas, dispone de un bano completo y un practico patio que aporta un toque de luminosidad y conexion con el exterior. ubicado en una zona inmejorable, rodeado de servicios, comercios y con excelentes conexiones, este estudio destaca por su ubicacion privilegiada, ideal tanto para quienes desean residir como para quienes buscan una inversion con alto potencial. es importante mencionar que actualmente el inmueble no posee cedula de habitabilidad, lo que lo convierte en una opcion interesante para adaptarlo segun tus necesidades o como local de uso alternativo. no dejes pasar esta oportunidad y ven a visitarlo! un espacio unico en una ubicacion excepcional te esta esperando.",,"['oportunidad', 'estudio', 'patio', 'inversion', 'local', 'estudio reformado', 'el exterior', 'posee cedula']",https://www.fotocasa.es/es/inmobiliaria-grocasa/comprar/inmuebles/espana/todas-las-zonas/l?clientId=9202752617357,2025-02-01 12:22:16,disponible,la font de la guatlla,1.0,80314,la font de la guatlla,80300,sants montjuic,barri,3394,1401,-1.1685,15,0.0562,-0.1502,0.049,-0.3566,3279,1795,-0.2328,14,0.0529,-0.0354,0.0873,5.2858,2988,1621,-0.1551,13,0.0545,0.026,0.266,8.9567,1,3,1,4,1,2,2,3,2,2,2,3,2.1,3032,0.89,2,465,105214
https://www.fotocasa.es/es/comprar/vivienda/barcelona-capital/calefaccion/185274208/d,flat,"sants  montjuic, la bordeta, 08014, barcelona, sants  montjuic",sants  montjuic,89500,,34,"['heating: 3', 'bathrooms: 1', 'floor: 3', 'surface: 34']","estudio diafano para reformar en sants montjuic imagina un acogedor estudio de 34 metros cuadrados en el animado distrito de sants montjuic. este espacio abierto es perfecto para quienes buscan un lugar que puedan adaptar a su estilo personal. al estar en la planta baja, disfrutaras de un acceso sencillo y practico, ideal para aprovechar al maximo la vida en la ciudad. se propone un proyecto de renovacion, que no esta incluido en el precio de venta, disenado por profesionales para modernizar el espacio. esto incluye una cocina funcional y un bano actualizado, optimizando cada rincon del estudio. ademas, tendras la oportunidad de incorporar elementos decorativos que reflejen tu estilo, desde paletas de colores suaves hasta muebles que se adapten a tus necesidades. en definitiva, este estudio en sants montjuic representa una excelente oportunidad para vivir en un entorno vibrante y lleno de creatividad, con el potencial de convertirse en un hogar unico y acogedor. imagina como podria transformarse! ref. vb2501005",,"['estudio', 'oportunidad', 'para reformar']",https://www.fotocasa.es/es/inmobiliaria-aproperties-real-estate-barcelona-n-aicat-6388/comprar/inmuebles/espana/todas-las-zonas/l?clientId=9202753825457,2025-02-01 12:22:16,disponible,la bordeta,1.0,80316,la bordeta,80300,sants montjuic,barri,3208,1965,0.0005,17,0.0672,-0.1263,-0.0297,-0.508,3088,3196,0.0798,15,0.0597,-0.1214,-0.0803,0.1863,2875,2438,-inf,13,0.0563,0.0541,0.1375,1.541,1,4,2,3,1,3,1,2,2,2,2,2,2.0,2632,0.82,2,578,109072
https://www.fotocasa.es/es/comprar/vivienda/barcelona-capital/ascensor-patio-no-amueblado/185274142/d,flat,"sants  montjuic, la font de la guatlla, 08004, barcelona, sants  montjuic",sants  montjuic,94000,1.0,31,"['ceramic_stoneware: 6', 'elevator: 13', 'yard: 16', 'oven: 22', 'not_furnished: 130', 'equiped_kitchen: 131', 'antiquity: 7', 'bathrooms: 1', 'conservationStatus: 2', 'floor: 3', 'hotWater: 2', 'orientation: 5', 'rooms: 1', 'surface: 31']","local transformado en vivienda en montjuic, a pocos metros de plaza espana ubicado en una zona estrategica de montjuic, a escasos metros de plaza espana, este local diafano ha sido adaptado para convertirse en una vivienda funcional y comoda. ideal para inversores que busquen alquilar o para quienes necesiten un pequeno apartamento o estudio. la finca es de 1968, con instalacion electrica recientemente actualizada. caracteristicas: acceso directo desde la calle rabi ruben. distribuidor (1.24 m) bano (1.50 m) patio interior (2.37 m) cocina abierta (5.41 m) espacio adicional \",,"['local', 'inversores', 'estudio', 'patio']",https://www.fotocasa.es/es/inmobiliaria-punto-zona-hostafrancs-bcn-sl/comprar/inmuebles/espana/todas-las-zonas/l?clientId=9202762975011,2025-02-01 12:22:16,disponible,la font de la guatlla,1.0,80314,la font de la guatlla,80300,sants montjuic,barri,3394,1401,-1.1685,15,0.0562,-0.1502,0.049,-0.3566,3279,1795,-0.2328,14,0.0529,-0.0354,0.0873,5.2858,2988,1621,-0.1551,13,0.0545,0.026,0.266,8.9567,1,3,1,4,1,2,2,3,2,2,2,3,2.1,3032,0.89,2,465,105214
https://www.fotocasa.es/es/comprar/vivienda/barcelona-capital/el-raval/185259994/d,flat,"ciutat vella, el raval, 08001, barcelona, ciutat vella",ciutat vella,99000,1.0,35,"['antiquity: 9', 'floor: 8', 'rooms: 1', 'surface: 35']","robadors. pis de 35 m2 en una tercera planta, 1 dormitori, salo, cuina i bany. excellent ubicacio a pocs metres del carrer sant pau, y filmoteca de cataluna",,[],https://www.fotocasa.es/es/inmobiliaria-tecnocasa-estudi-raval-mar/comprar/inmuebles/espana/todas-las-zonas/l?clientId=9202773972464,2025-02-01 12:22:16,disponible,el raval,1.0,80101,el raval,80100,ciutat vella,barri,3007,11779,-inf,15,0.0632,-0.1448,0.0046,-0.2258,3034,2250,0.0482,14,0.0584,-0.1466,0.1385,-0.3722,2919,5179,0.0378,13,0.0575,-0.0235,0.3742,9.2588,1,3,2,4,2,3,1,4,3,2,2,3,2.1,2828,0.94,2,525,105245
https://www.fotocasa.es/es/comprar/vivienda/barcelona-capital/terraza-no-amueblado/185239442/d,flat,"nou barris, la trinitat nova, 08042, barcelona, nou barris",nou barris,66660,2.0,49,"['terrace: 10', 'not_furnished: 130', 'bathrooms: 1', 'rooms: 2', 'surface: 49']","no cobramos comision al comprador. inmueble ocupado. gran oportunidad para inversores en la trinitat nova de barcelona! piso con terraza, superficie de 49 m2 con 2 dormitorios y 1 bano. el inmueble se transmite ocupado por tercero no pudiendo hacer visitas fisicas al inmueble. el precio ha sido determinado teniendo en cuenta que el activo se transmite con ocupante/ocupantes. este inmueble se encuentra en una excelente ubicacion, zona muy tranquila con amplias zonas verdes, rodeado de todos los servicios que necesitas y una variada oferta de comercios a tu alcance. dispone de muy buenas conexiones por carretera junto a la b 20, al metro trinitat nova y a parada de autobuses. no dejes pasar esta oportunidad! contactanos ahora para obtener mas informacion sobre este piso ideal para inversores. recuerda, no cobramos comision al comprador! la propiedad no garantiza la disponibilidad de acceso a la finca, pudiendo estar ocupada por tercero",,"['oportunidad', 'inversores', 'terraza', 'metro']",https://www.fotocasa.es/es/inmobiliaria-redwood/comprar/inmuebles/espana/todas-las-zonas/l?clientId=9202761808466,2025-02-01 12:22:16,ocupada,la trinitat nova,1.0,80853,la trinitat nova,80800,nou barris,barri,2099,625,0.0253,14,0.0847,-0.1749,-0.0763,-0.4677,1943,2046,-0.083,12,0.08,-0.098,0.0527,0.1005,1752,1563,-0.0824,11,0.0802,0.0442,0.4031,0.6519,1,5,1,3,1,5,1,3,2,4,2,3,2.1,1360,0.65,3,686,102851
https://www.fotocasa.es/es/comprar/vivienda/barcelona-capital/ascensor-no-amueblado/185221222/d,flat,"nou barris, el turo de la peira, 08031, barcelona, nou barris",nou barris,80500,3.0,53,"['elevator: 13', 'not_furnished: 130', 'bathrooms: 1', 'rooms: 3', 'surface: 53']","no cobramos comision al comprador. inmueble ocupado. gran oportunidad para inversores en nou barris de barcelona! atico con ascensor, superficie de 54 m2 con 3 dormitorios y 1 bano. el inmueble se transmite ocupado por tercero no pudiendo hacer visitas fisicas al inmueble. el precio ha sido determinado teniendo en cuenta que el activo se transmite con ocupante/ocupantes. este inmueble se encuentra en una ubicacion privilegiada, zona muy tranquila muy proximo al parque de el turo de la peira, rodeado de todos los servicios que necesitas y una variada oferta de comercios a tu alcance. dispone de muy buenas conexiones por carretera a 10 minutos en coche de la b 20 y con parada de autobus y metro vilapicina a menos de 200 m. no dejes pasar esta oportunidad! contactanos ahora para obtener mas informacion sobre este piso ideal para inversores. recuerda, no cobramos comision al comprador! la propiedad no garantiza la disponibilidad de acceso a la finca, pudiendo estar ocupada por tercero",,"['oportunidad', 'inversores', 'metro', 'con ascensor']",https://www.fotocasa.es/es/inmobiliaria-redwood/comprar/inmuebles/espana/todas-las-zonas/l?clientId=9202761808466,2025-02-01 12:22:16,ocupada,el turo de la peira,1.0,80846,el turo de la peira,80800,nou barris,barri,2431,4388,-0.0257,13,0.0681,-0.1611,0.0195,-0.6001,2294,2058,0.4349,12,0.0647,-0.0181,0.1653,9.6036,2095,1327,inf,11,0.0652,0.174,0.3458,12.8063,1,4,1,4,2,3,2,4,2,3,3,3,2.0,1518,0.62,3,689,128843
https://www.fotocasa.es/es/comprar/vivienda/barcelona-capital/ascensor-no-amueblado/185206464/d,flat,"nou barris, les roquetes, 08042, barcelona, nou barris",nou barris,75000,2.0,56,"['elevator: 13', 'not_furnished: 130', 'antiquity: 7', 'bathrooms: 1', 'conservationStatus: 4', 'orientation: 7', 'rooms: 2', 'surface: 56']","descubre el potencial de este encantador bajo en una ubicacion tranquila y bien comunicada! este inmueble, con 59 m construidos y 56 m utiles, ofrece una excelente oportunidad para realizar una reforma completa y adaptarlo a tus necesidades. aunque no cuenta con cedula de habitabilidad, su distribucion y accesibilidad lo convierten en una excelente opcion para un proyecto de renovacion. la propiedad cuenta con 2 habitaciones dobles, un amplio salon comedor, una cocina que requiere una reforma integral y un bano que tambien necesitara actualizacion. estos espacios te permitiran personalizar la vivienda a tu gusto y necesidades, creando un hogar unico y acogedor. la zona esta bien conectada con varias lineas de autobuses y rodeada de todos los servicios esenciales, como comercios, parques, gimnasios, colegios y hospitales, lo que garantiza una gran calidad de vida. si estas buscando un proyecto de reforma en una zona tranquila, con buenas comunicaciones y todos los servicios a tu alcance, este es el lugar perfecto para ti! no dudes en contactarnos para mas informacion y aprovechar esta oportunidad de transformar este bajo en el hogar de tus suenos. contacta con nuestros asesores de miahouse para mas informacion y no dejes escapar esta joya inmobiliaria.",,"['bajo', 'oportunidad', 'una reforma ', 'con cedula', 'de reforma ']",https://www.fotocasa.es/es/inmobiliaria-miahouse/comprar/inmuebles/espana/todas-las-zonas/l?clientId=9202770035296,2025-02-01 12:22:16,disponible,les roquetes,1.0,80850,les roquetes,80800,nou barris,barri,2191,445,-0.1124,13,0.0763,-0.1657,0.0767,-0.2558,2010,1816,-0.0026,12,0.0755,-0.0427,0.2634,4.4659,1819,1760,inf,11,0.0757,0.1139,0.5133,6.3741,1,5,1,4,1,4,2,5,2,4,2,4,3.2,1339,0.61,3,728,122696
https://www.fotocasa.es/es/comprar/vivienda/barcelona-capital/trastero/185203413/d,flat,"nou barris, les roquetes, 08042, barcelona, nou barris",nou barris,65000,1.0,50,"['storage_room: 11', 'fitness_center: 42', 'sport_area: 82', 'bathrooms: 2', 'rooms: 1', 'surface: 50']","piso situado en la planta baja de un edificio de cinco plantas sobre rasante y un sotano. no dispone de ascensor. esta situado en la localidad y provincia de barcelona. posee una superficie construida aproximada de 50 m que se distribuyen en salon comedor, cocina, dormitorio, un bano, un aseo, lavadero y trastero. posee suelos de plaquetas de gres. ventanas exteriores de aluminio lacado en tono blanco, carpinteria interior de madera pintada. se ubica en una zona tranquila en el norte de la localidad, en el barrio de les roquetes rodeado por viviendas de similares caracteristicas. cuenta con varios colegios, comercios, restaurantes, entidades bancarias, instalaciones deportivas etc. las principales vias de comunicacion son las carreteras c 33 y b 20. tambien dispone de servicio de autobuses interurbanos y de estacion de metro. con nuestros servicios podra encontrar la vivienda que necesita. empiece ahora mismo pidiendo mas informacion. un responsable cercano a usted le atendera personalmente.",,"['lavadero', 'metro', 'de ascensor']",https://www.fotocasa.es/es/inmobiliaria-solvia-inmobiliaria/comprar/inmuebles/espana/todas-las-zonas/l?clientId=9202768697010,2025-02-01 12:22:16,disponible,les roquetes,1.0,80850,les roquetes,80800,nou barris,barri,2191,445,-0.1124,13,0.0763,-0.1657,0.0767,-0.2558,2010,1816,-0.0026,12,0.0755,-0.0427,0.2634,4.4659,1819,1760,inf,11,0.0757,0.1139,0.5133,6.3741,1,5,1,4,1,4,2,5,2,4,2,4,3.2,1300,0.59,3,650,109550
https://www.fotocasa.es/es/comprar/vivienda/barcelona-capital/patio/185186179/d,flat,"sants  montjuic, la font de la guatlla, 08004, barcelona, sants  montjuic",sants  montjuic,94000,1.0,28,"['cabinets: 2', 'yard: 16', 'bathrooms: 1', 'conservationStatus: 2', 'rooms: 1', 'surface: 28']","magnifico local tipo estudio de 28 m2 con entrada directa desde la calle. situado al lado del parque montjuic y plaza espana. a pocos pasos de la l1 y a 15 minutos de la playa. consta de un espacio diafano con cocina, bano completo y un pequeno patio. mucha ventilacion y luz natural. venta sin comisiones venta solo al contado o con credito comercial ya que es un local comercial y no se puede conseguir credito residencial. para agendar una visita por favor escribir por el chat dejando tu numero de contacto y mencionando si compras al contado o con credito. gracias.",,"['local', 'estudio', 'patio', 'credito comercial', 'local comercial']",https://www.fotocasa.es/es/comprar/inmuebles/espana/todas-las-zonas/l?clientId=9202767596197,2025-02-01 12:22:16,disponible,la font de la guatlla,1.0,80314,la font de la guatlla,80300,sants montjuic,barri,3394,1401,-1.1685,15,0.0562,-0.1502,0.049,-0.3566,3279,1795,-0.2328,14,0.0529,-0.0354,0.0873,5.2858,2988,1621,-0.1551,13,0.0545,0.026,0.266,8.9567,1,3,1,4,1,2,2,3,2,2,2,3,2.1,3357,0.99,2,420,95032
https://www.fotocasa.es/es/comprar/vivienda/barcelona-capital/patio-no-amueblado/185172882/d,flat,"sants  montjuic, el poble sec  parc de montjuic, 08004, barcelona, sants  montjuic",sants  montjuic,99000,,20,"['yard: 16', 'not_furnished: 130', 'conservationStatus: 4', 'floor: 4', 'orientation: 7', 'surface: 20']","poble sec / poeta cabanyes. oportunidad!! bonito estudio de 15 m2, con terraza de 5m2 orientada a este y muy luminosa y soleada. registrado como estudio. no dispone de cedula de habitabilidad. suelos hidraulicos. situado al lado de avda. paralelo y a pocos minutos del mercat de sant antoni. lineas de metro 2 y 3.",,"['oportunidad', 'estudio', 'terraza', 'metro', 'de cedula']",https://www.fotocasa.es/es/inmobiliaria-oh-pisos/comprar/inmuebles/espana/todas-las-zonas/l?clientId=9202751804233,2025-02-01 12:22:16,disponible,el poble sec,0.5714285714285714,80311,el poble sec,80300,sants montjuic,barri,3717,7438,0.0139,16,0.0545,-0.2113,0.0042,-0.1619,3485,5896,0.1135,15,0.0524,-0.142,-0.0364,2.0981,3258,4413,0.0935,14,0.0526,-0.0013,0.3184,3.1247,1,3,1,4,1,2,1,3,2,2,2,3,1.5,4950,1.33,1,320,74340
https://www.fotocasa.es/es/comprar/vivienda/barcelona-capital/ascensor/185168435/d,flat,"eixample, sant antoni, 08015, barcelona, eixample",eixample,89000,,12,"['parquet: 9', 'elevator: 13', 'laundry: 109', 'antiquity: 7', 'bathrooms: 1', 'conservationStatus: 2', 'floor: 6', 'orientation: 8', 'surface: 12']","sant antoni / viladomat, bonito estudio de 12m en finca con ascensor, junto al mercat de sant antoni. dispone de bano con ducha, galeria y suelos de parquet. situado junto avda. mistral, en una zona muy bien comunicada con todos los servicios, a pocos minutos del metro de sant antoni.",,"['estudio', 'metro', 'con ascensor']",https://www.fotocasa.es/es/inmobiliaria-oh-pisos/comprar/inmuebles/espana/todas-las-zonas/l?clientId=9202751804233,2025-02-01 12:22:16,disponible,sant antoni,1.0,80210,sant antoni,80200,eixample,barri,4165,4300,0.0297,16,0.0468,-0.1415,0.0031,-0.0616,3958,4980,inf,14,0.0446,-0.0714,0.0052,0.8868,3689,6095,inf,13,0.0448,0.0676,0.1984,7.3968,1,2,2,4,1,2,1,3,2,1,2,2,1.2,7416,1.78,1,192,49980
https://www.fotocasa.es/es/comprar/vivienda/barcelona-capital/terraza-no-amueblado/185164359/d,flat,"nou barris, les roquetes, 08042, barcelona, nou barris",nou barris,90000,1.0,38,"['terrace: 10', 'not_furnished: 130', 'antiquity: 7', 'bathrooms: 1', 'conservationStatus: 4', 'floor: 31', 'rooms: 1', 'surface: 38']","atico en venta en via favencia, nou barris. piso de 38 m muy luminoso distribuido en salon comedor a 2 niveles, cocina independiente, 1 habitacion 1 bano completo con banera y terraza. piso a reformar. ubicada en una zona cerca de servicios, comercios, del mirador de torre baro, de las paradas de metro via julia (l4) y roquetes (l3). con facil acceso a la ronda de dalt (b 20). contactenos al tf: 637892506 o mail: balmes@simurba.com y, solicite informacion.",,"['luminoso', 'terraza', 'metro', 'a reformar']",https://www.fotocasa.es/es/inmobiliaria-simurba/comprar/inmuebles/espana/todas-las-zonas/l?clientId=943003044173,2025-02-01 12:22:16,disponible,les roquetes,1.0,80850,les roquetes,80800,nou barris,barri,2191,445,-0.1124,13,0.0763,-0.1657,0.0767,-0.2558,2010,1816,-0.0026,12,0.0755,-0.0427,0.2634,4.4659,1819,1760,inf,11,0.0757,0.1139,0.5133,6.3741,1,5,1,4,1,4,2,5,2,4,2,4,2.0,2368,1.08,1,494,83258
https://www.fotocasa.es/es/comprar/vivienda/barcelona-capital/trinitat-vella/185151933/d,flat,"sant andreu, trinitat vella, 08033, barcelona, sant andreu",sant andreu,89000,2.0,47,"['fitness_center: 42', 'sport_area: 82', 'bathrooms: 1', 'rooms: 2', 'surface: 47']","piso de segunda mano en barcelona. vivienda a reformar de 47 m distribuidos en salon comedor, cocina, 2 dormitorios y 1 bano. se localiza en el barrio el palomar, con todos los servicios y buenas comunicaciones, paradas de autobus y metro proximas, buen acceso rodado a laca carreteras c 58 y c 33 en pocos minutos. la zona dispone de equipamiento variado, centro de salud, restaurantes, supermercado, colegio, centro civico, etc. con nuestros servicios podra encontrar la vivienda que necesita. empiece ahora mismo pidiendo mas informacion. un responsable cercano a usted le atendera personalmente.",,"['metro', 'a reformar']",https://www.fotocasa.es/es/inmobiliaria-solvia-inmobiliaria/comprar/inmuebles/espana/todas-las-zonas/l?clientId=9202768697010,2025-02-01 12:22:16,disponible,la trinitat vella,0.9032258064516128,80957,la trinitat vella,80900,sant andreu,barri,2062,824,-0.1425,13,0.0778,-0.0955,0.0136,-0.5814,1846,2921,-0.0396,11,0.078,0.0104,0.0362,13.709,1792,1716,-0.6528,10,0.0736,0.174,1.0028,16.5434,1,5,2,4,1,5,2,3,2,3,3,5,2.6,1893,0.92,2,611,96914
https://www.fotocasa.es/es/comprar/vivienda/barcelona-capital/la-prosperitat/185151509/d,flat,"nou barris, la prosperitat, 08016, barcelona, nou barris",nou barris,95960,3.0,55,"['balcony: 32', 'antiquity: 7', 'bathrooms: 1', 'conservationStatus: 2', 'floor: 6', 'rooms: 3', 'surface: 55']","oportunidad para inversores! actualmente la vivienda se encuentra ocupada ilegalmente. importante: la propiedad no garantiza la disponibilidad de acceso a la finca, pudiendo estar ocupada por tercero. ademas hay que disponer de fondos propios o disponer de una garantia adicional para conseguir financiacion.",,"['oportunidad', 'inversores']",https://www.fotocasa.es/es/inmobiliaria-finques-castell/comprar/inmuebles/espana/todas-las-zonas/l?clientId=9202753090366,2025-02-01 12:22:16,ocupada,la prosperitat,1.0,80852,la prosperitat,80800,nou barris,barri,2589,980,0.1669,13,0.064,-0.1468,-0.0009,0.0702,2459,807,-0.3789,12,0.0633,-0.0943,-0.0345,1.5418,2257,2168,-0.2468,11,0.0641,0.0573,0.0748,6.5762,1,3,1,4,1,3,1,3,2,3,2,2,1.7999999999999998,1744,0.67,3,715,142395
https://www.fotocasa.es/es/comprar/vivienda/barcelona-capital/no-amueblado/185136717/d,flat,"nou barris, la prosperitat, 08016, barcelona, nou barris",nou barris,95960,3.0,51,"['not_furnished: 130', 'bathrooms: 1', 'rooms: 3', 'surface: 51']","no cobramos comision al comprador. inmueble ocupado. gran oportunidad para inversores en el barrio de prosperitat! piso de 51 m, compuesto por 3 dormitorios, salon luminoso con acceso a un balcon, cocina independiente y 1 bano. el inmueble se transmite ocupado por tercero no pudiendo hacer visitas fisicas al inmueble. el precio ha sido determinado teniendo en cuenta que el activo se transmite con ocupante/ocupantes. ubicacion privilegiada: situado en una zona residencial tranquila en el barrio de prosperitat, ideal para inversion. a tan solo 3 minutos andando de calles comerciales clave como carrer pablo iglesias, passeig valldaura y avinguda rio de janeiro, que ofrecen una variada gama de servicios y comercios. proximo a parques y zonas peatonales, perfectas para el ocio y esparcimiento. excelentes conexiones: facil acceso a la ronda de dalt y a la avenida meridiana, principales vias de comunicacion. varias paradas de autobus y una parada de metro a menos de 5 minutos a pie, conectandote rapidamente con el centro de barcelona y barrios colindantes. no dejes pasar esta oportunidad unica! contactanos ahora para obtener mas informacion sobre este piso ideal para inversores. recuerda, no cobramos comision al comprador!",,"['oportunidad', 'inversores', 'luminoso', 'balcon', 'inversion', 'metro']",https://www.fotocasa.es/es/inmobiliaria-redwood/comprar/inmuebles/espana/todas-las-zonas/l?clientId=9202761808466,2025-02-01 12:22:16,ocupada,la prosperitat,1.0,80852,la prosperitat,80800,nou barris,barri,2589,980,0.1669,13,0.064,-0.1468,-0.0009,0.0702,2459,807,-0.3789,12,0.0633,-0.0943,-0.0345,1.5418,2257,2168,-0.2468,11,0.0641,0.0573,0.0748,6.5762,1,3,1,4,1,3,1,3,2,3,2,2,1.7999999999999998,1881,0.73,3,663,132039
https://www.fotocasa.es/es/comprar/vivienda/barcelona-capital/ciutat-meridiana/185125722/d,flat,"nou barris, ciutat meridiana, 08033, barcelona, nou barris",nou barris,70000,2.0,59,"['bathrooms: 1', 'floor: 6', 'rooms: 2', 'surface: 59']","inmueble sin posesion y sin acceso al interior. las fotografias del interior y las caracteristicas del activo, pueden no ajustarse al estado actual. no cobramos comision de intermediacion al comprador tenemos en exclusiva un piso para ti! disponemos de un piso en edificio residencial que puedes adquirir en propiedad, con una superficie de 59m muy bien distribuido y con distintas dependencias, ofreciendo todo lo que necesitas para una vida comoda y moderna. desde el momento en que cruces la puerta de entrada, te sentiras acogido por su ambiente calido, ubicado en la localidad de barcelona. este piso es ideal para quienes buscan un hogar confortable en un entorno natural y acogedor. este espacioso piso cuenta con un luminoso salon comedor, perfecto para disfrutar de momentos en familia y reuniones con amigos. decorado con gusto y con materiales de alta calidad, este piso ofrece una experiencia de vida inmejorable. situado en una zona residencial tranquila, este piso disfruta de una ubicacion estrategica. a poca distancia, encontraras supermercados, colegios, centros de salud y una variada oferta de tiendas y restaurantes. ademas, la excelente conexion con las principales vias de acceso te permitira llegar rapidamente a otras areas de interes en barcelona y sus alrededores. hipoges es una plataforma inmobiliaria donde podras acceder a miles de activos inmobiliarios de diferentes tipos como viviendas, locales comerciales, terrenos, nueva obra, tanto a nivel particular como para inversores. hipoges cuenta con una amplia cartera de activos inmuebles tanto en espana como en portugal y grecia. esta propiedad esta ocupada por terceros. no se puede visitar. no apta para compradores que requieran financiacion hipotecaria. el comprador sera responsable de los tramites y gastos relacionados con la desocupacion del inmueble. la informacion proporcionada referente a la distribucion y estructura puede no ajustarse a la realidad, ya que su verificacion no ha sido posible. la distribucion indicada se ha tomado en referencia a la distribucion de activos de la zona. necesitas financiacion? te ofrecemos la posibilidad de financiaciones de hasta el 100% para la compra de este inmueble. entra en finanwin.com, haz tu simulacion y obten la mejor oferta para tu hipoteca de la manera mas agil y sencilla.",,"['luminoso', 'inversores']",https://www.fotocasa.es/es/inmobiliaria-hipoges/comprar/inmuebles/espana/todas-las-zonas/l?clientId=9202773688847,2025-02-01 12:22:16,ocupada,ciutat meridiana,1.0,80855,ciutat meridiana,80800,nou barris,barri,1608,795,2.0107,10,0.0791,-0.126,-0.0569,0.1741,1768,741,1.1003,9,0.0673,-0.0745,-0.0235,0.0806,1557,596,0.1067,8,0.0698,-0.0334,0.4835,1.1948,1,5,2,3,2,4,1,3,2,3,2,4,2.0,1186,0.74,3,590,94872
https://www.fotocasa.es/es/comprar/vivienda/barcelona-capital/no-amueblado/185120553/d,flat,"sants  montjuic, el poble sec  parc de montjuic, 08004, barcelona, sants  montjuic",sants  montjuic,99000,2.0,20,"['childrens_zone: 83', 'not_furnished: 130', 'bathrooms: 1', 'conservationStatus: 2', 'floor: 6', 'rooms: 2', 'surface: 20']","venta de estudio en el corazon del poble sec presentamos este acogedor estudio sin cedula de habitabilidad, anteriormente un piso de porteria, que cuenta con dos estancias y un pequeno patio de aproximadamente 6 metros cuadrados. ubicado en el vibrante y cosmopolita barrio del poble sec, a solo unos pasos del parallel y a tan solo 10 minutos de la placa catalunya. este encantador barrio esta rodeado de teatros, una variada oferta gastronomica y todos los servicios necesarios para facilitar tu dia a dia. excelente comunicacion con el transporte publico, tanto con la linea 2 y 3 de metro como con una amplia red de autobuses. ademas, se encuentra a solo 10 minutos de la playa. visita nuestro sitio web en supervia bcn para explorar mas opciones de inmuebles disponibles. no dudes en contactarnos para obtener mas informacion! #ref:2423",,"['estudio', 'patio', 'metro', 'sin cedula']",https://www.fotocasa.es/es/inmobiliaria-supervia-bcn/comprar/inmuebles/espana/todas-las-zonas/l?clientId=9202761079876,2025-02-01 12:22:16,disponible,el poble sec,0.5714285714285714,80311,el poble sec,80300,sants montjuic,barri,3717,7438,0.0139,16,0.0545,-0.2113,0.0042,-0.1619,3485,5896,0.1135,15,0.0524,-0.142,-0.0364,2.0981,3258,4413,0.0935,14,0.0526,-0.0013,0.3184,3.1247,1,3,1,4,1,2,1,3,2,2,2,3,1.5,4950,1.33,1,320,74340
https://www.fotocasa.es/es/comprar/vivienda/barcelona-capital/ascensor/185100000/d,flat,"nou barris, ciutat meridiana, 08033, barcelona, nou barris",nou barris,72500,2.0,64,"['elevator: 13', 'antiquity: 7', 'bathrooms: 1', 'conservationStatus: 3', 'floor: 7', 'rooms: 2', 'surface: 64']","este piso en la calle agudes, barcelona, se encuentra ocupado ilegalmente y forma parte de una finca con ascensor. su ubicacion es estrategica, a solo 7 minutos en coche de la ronda de dalt, lo que facilita el acceso a otras zonas de la ciudad. la zona es tranquila y residencial, rodeada de servicios y comercios locales. a pesar de su situacion, el edificio mantiene una estructura solida y un ambiente que refleja la diversidad de la vida urbana en barcelona. es un espacio tranquilo, no dudes en llamar!",,['con ascensor'],https://www.fotocasa.es/es/inmobiliaria-adam-reboll-re/comprar/inmuebles/espana/todas-las-zonas/l?clientId=9202770559025,2025-02-01 12:22:16,ocupada,ciutat meridiana,1.0,80855,ciutat meridiana,80800,nou barris,barri,1608,795,2.0107,10,0.0791,-0.126,-0.0569,0.1741,1768,741,1.1003,9,0.0673,-0.0745,-0.0235,0.0806,1557,596,0.1067,8,0.0698,-0.0334,0.4835,1.1948,1,5,2,3,2,4,1,3,2,3,2,4,2.0,1132,0.7,3,640,102912
https://www.fotocasa.es/es/comprar/vivienda/barcelona-capital/trinitat-vella/185082495/d,flat,"sant andreu, trinitat vella, 08033, barcelona, sant andreu",sant andreu,48080,2.0,52,"['antiquity: 7', 'bathrooms: 1', 'conservationStatus: 4', 'floor: 8', 'rooms: 2', 'surface: 52']","importante: la propiedad no garantiza la disponibilidad de acceso a la finca, pudiendo estar ocupada por tercero. ademas hay que disponer de fondos propios o disponer de una garantia adicional para conseguir financiacion. piso en tercera planta. ubicado en el barrio de la trinitat vella. la vivienda consta de 46 m2, distribuidos en: 2 dormitorios, 1 bano, cocina, lavadero y salon comedor. se encuentra junto a la autopista c 58 y dispone de muy buena conexion con ronda de dalt, b 20. y esta proximo a todo tipo de comercios, servicios, colegios, supermercados, farmacias, del centro de salud y a 700 metros de la estacion de metro trinitat vella, que viaja hasta barcelona centro. actualmente la vivienda se encuentra ocupada ilegalmente, no se puede realizar visitas!!",,"['lavadero', 'metro']",https://www.fotocasa.es/es/inmobiliaria-finques-castell/comprar/inmuebles/espana/todas-las-zonas/l?clientId=9202753090366,2025-02-01 12:22:16,ocupada,la trinitat vella,0.9032258064516128,80957,la trinitat vella,80900,sant andreu,barri,2062,824,-0.1425,13,0.0778,-0.0955,0.0136,-0.5814,1846,2921,-0.0396,11,0.078,0.0104,0.0362,13.709,1792,1716,-0.6528,10,0.0736,0.174,1.0028,16.5434,1,5,2,4,1,5,2,3,2,3,3,5,2.2,924,0.45,3,676,107224
https://www.fotocasa.es/es/comprar/vivienda/barcelona-capital/no-amueblado/18508033sss/d,flat,"sant andreu, trinitat vella, 08033, barcelona, sant andreu",sant andreu,48080,2.0,46,"['not_furnished: 130', 'bathrooms: 1', 'rooms: 2', 'surface: 46']","no cobramos comisiu00f3n al comprador. inmueble ocupado. u00a1gran oportunidad para inversores en trinitat vella! npiso exterior de 46 m2 de 2 dormitorios, 1 bau00f1o, cocina, lavadero y salu00f3n comedor. nnel inmueble se transmite ocupado por tercero no pudiendo hacer visitas fu00edsicas al inmueble. el precio ha sido determinado teniendo en cuenta que el activo se transmite con ocupante/ocupantes. nnubicado en zona residencial tranquila con varios parques infantiles y rodeada de todos los servicios que necesitas y una variada oferta de comercios a tu alcance. nndispone de muy buenas conexiones por carretera con muy buenas salidas a las rondas, paradas de autobu00fas a menos de 100 m y a 10 minutos andando de la estaciu00f3n de metro trinitat vella, que viaja hasta barcelona centro. nnu00a1no dejes pasar esta oportunidad! contu00e1ctanos ahora para obtener mu00e1s informaciu00f3n sobre este piso ideal para inversores. recuerda, u00a1no cobramos comisiu00f3n al comprador! n",,"['oportunidad', 'inversores', 'lavadero', 'metro', 'npiso exterior']",https://www.fotocasa.es/es/inmobiliaria-redwood/comprar/inmuebles/espana/todas-las-zonas/l?clientId=9202761808466,2025-01-22 16:29:57,ocupada,la trinitat vella,0.9032258064516128,80957,la trinitat vella,80900,sant andreu,barri,2062,824,-0.1425,13,0.0778,-0.0955,0.0136,-0.5814,1846,2921,-0.0396,11,0.078,0.0104,0.0362,13.709,1792,1716,-0.6528,10,0.0736,0.174,1.0028,16.5434,1,5,2,4,1,5,2,3,2,3,3,5,2.2,1045,0.51,3,598,94852
https://www.fotocasa.es/es/comprar/vivienda/barcelona-capital/no-amueblado/185080336/d,flat,"sant andreu, trinitat vella, 08033, barcelona, sant andreu",sant andreu,48080,2.0,46,"['not_furnished: 130', 'bathrooms: 1', 'rooms: 2', 'surface: 46']","no cobramos comision al comprador. inmueble ocupado. gran oportunidad para inversores en trinitat vella! piso exterior de 46 m2 de 2 dormitorios, 1 bano, cocina, lavadero y salon comedor. el inmueble se transmite ocupado por tercero no pudiendo hacer visitas fisicas al inmueble. el precio ha sido determinado teniendo en cuenta que el activo se transmite con ocupante/ocupantes. ubicado en zona residencial tranquila con varios parques infantiles y rodeada de todos los servicios que necesitas y una variada oferta de comercios a tu alcance. dispone de muy buenas conexiones por carretera con muy buenas salidas a las rondas, paradas de autobus a menos de 100 m y a 10 minutos andando de la estacion de metro trinitat vella, que viaja hasta barcelona centro. no dejes pasar esta oportunidad! contactanos ahora para obtener mas informacion sobre este piso ideal para inversores. recuerda, no cobramos comision al comprador!",,"['oportunidad', 'inversores', 'lavadero', 'metro', 'piso exterior']",https://www.fotocasa.es/es/inmobiliaria-redwood/comprar/inmuebles/espana/todas-las-zonas/l?clientId=9202761808466,2025-02-01 12:22:16,ocupada,la trinitat vella,0.9032258064516128,80957,la trinitat vella,80900,sant andreu,barri,2062,824,-0.1425,13,0.0778,-0.0955,0.0136,-0.5814,1846,2921,-0.0396,11,0.078,0.0104,0.0362,13.709,1792,1716,-0.6528,10,0.0736,0.174,1.0028,16.5434,1,5,2,4,1,5,2,3,2,3,3,5,2.2,1045,0.51,3,598,94852
https://www.idealista.com/inmueble/107195083/,piso,"calle de llobera, 22, les roquetes, barcelona",,65000,2.0,52,"['2 hab.', '52 m²', 'Sótano exterior sin ascensor']","vivienda reformada recientemente en el municipio de barcelona, provincia de barcelona. el inmueble se encuentra en una zona tranquila, rodeado por viviendas residenciales de similares caracteristicas. cuenta con facil acceso a la carretera y otros nudos de comunicacion. cercano a establecimientos y comercios de la zona",,['vivienda reformada'],,2025-02-01 12:24:47,disponible,vilapicina i la torre llobeta,0.5333333333333333,80844,vilapicina i la torre llobeta,80800,nou barris,barri,3278,566,-0.3142,14,0.0522,-0.1075,0.0324,-0.0454,2922,1573,0.0166,12,0.0532,-0.0222,0.0903,0.6267,2647,2158,inf,11,0.0547,0.0736,0.1376,14.349,1,2,2,4,1,2,2,3,2,2,2,2,3.2,1250,0.38,4,728,170456
https://www.idealista.com/inmueble/107192129/,piso,"calle de simancas, les roquetes, barcelona",,78000,2.0,59,"['2 hab.', '59 m²', 'Bajo interior sin ascensor']","descubre el potencial de este encantador bajo en una ubicacion tranquila y bien comunicada! este inmueble, con 59 m construidos y 56 m utiles, ofrece una excelente oportunidad para realizar una reforma completa y adaptarlo a tus necesidades. aunque no cuenta con cedula de habitabilidad, su distribucion y accesibilid",,"['bajo', 'oportunidad', 'una reforma ', 'con cedula']",,2025-02-01 12:24:47,disponible,les roquetes,1.0,80850,les roquetes,80800,nou barris,barri,2191,445,-0.1124,13,0.0763,-0.1657,0.0767,-0.2558,2010,1816,-0.0026,12,0.0755,-0.0427,0.2634,4.4659,1819,1760,inf,11,0.0757,0.1139,0.5133,6.3741,1,5,1,4,1,4,2,5,2,4,2,4,3.2,1322,0.6,3,767,129269
https://www.idealista.com/inmueble/107187828/,piso,"can peguera  el turo de la peira, barcelona",,79000,2.0,59,"['2 hab.', '59 m²', 'Bajo interior sin ascensor']","semisotano.vivienda en semisotano de 59,20 m en venta en el barrio de vilapicina, barcelona. el inmueble se distribuye en dos dormitorios, un bano, salon comedor y cocina.ubicada en una zona residencial bien comunicada, con acceso a transporte publico, comercios, supermercados, centros educativos y otros servicios",,[],,2025-02-01 12:24:47,disponible,el turo de la peira,0.7450980392156863,80846,el turo de la peira,80800,nou barris,barri,2431,4388,-0.0257,13,0.0681,-0.1611,0.0195,-0.6001,2294,2058,0.4349,12,0.0647,-0.0181,0.1653,9.6036,2095,1327,inf,11,0.0652,0.174,0.3458,12.8063,1,4,1,4,2,3,2,4,2,3,3,3,3.0,1338,0.55,3,767,143429
https://www.idealista.com/inmueble/107186527/,piso,"la trinitat vella, barcelona",,100000,3.0,93,"['3 hab.', '93 m²', 'Bajo exterior sin ascensor']","piso para reformar de 93 m en venta en el barrio de trinitat vella, barcelona. la vivienda se distribuye en un salon comedor, cocina, tres dormitorios y un bano.ubicado en una zona bien comunicada, cuenta con facil acceso por carretera y una buena conexion con el transporte publico, con varias paradas de autobus y m",,['para reformar'],,2025-02-01 12:24:47,disponible,la trinitat vella,1.0,80957,la trinitat vella,80900,sant andreu,barri,2062,824,-0.1425,13,0.0778,-0.0955,0.0136,-0.5814,1846,2921,-0.0396,11,0.078,0.0104,0.0362,13.709,1792,1716,-0.6528,10,0.0736,0.174,1.0028,16.5434,1,5,2,4,1,5,2,3,2,3,3,5,3.2,1075,0.52,3,1209,191766
https://www.idealista.com/inmueble/107185611/,piso,"la trinitat vella, barcelona",,55000,3.0,47,"['3 hab.', '47 m²', 'Planta 2ª exterior sin ascensor']","te presentamos este acogedor piso en venta, ideal para familias o como inversion. con una superficie construida de 47 m este luminoso inmueble cuenta con 3 dormitorios, perfectos para adaptarse a tus necesidades. el bano completo es funcional y comodo, disenado para tu bienestar.ubicado en una calle tranquila, este",,"['inversion', 'luminoso']",,2025-02-01 12:24:47,disponible,la trinitat vella,1.0,80957,la trinitat vella,80900,sant andreu,barri,2062,824,-0.1425,13,0.0778,-0.0955,0.0136,-0.5814,1846,2921,-0.0396,11,0.078,0.0104,0.0362,13.709,1792,1716,-0.6528,10,0.0736,0.174,1.0028,16.5434,1,5,2,4,1,5,2,3,2,3,3,5,3.2,1170,0.57,3,611,96914
https://www.idealista.com/inmueble/107185119/,piso,"les roquetes, barcelona",,81000,2.0,50,"['2 hab.', '50 m²', 'Planta 3ª exterior sin ascensor']","piso a reformar, en el barrio de les roquetes, barcelona.con una superficie aproximada de 52 m, la vivienda se distribuye en un luminoso salon comedor, dos dormitorios, un bano completo con banera y una cocina semi amueblada con almacenamiento en muebles altos y bajos.entre sus caracteristicas, cuenta con puerta",,"['luminoso', 'a reformar', 'semi amueblada']",,2025-02-01 12:24:47,disponible,les roquetes,1.0,80850,les roquetes,80800,nou barris,barri,2191,445,-0.1124,13,0.0763,-0.1657,0.0767,-0.2558,2010,1816,-0.0026,12,0.0755,-0.0427,0.2634,4.4659,1819,1760,inf,11,0.0757,0.1139,0.5133,6.3741,1,5,1,4,1,4,2,5,2,4,2,4,3.2,1620,0.74,3,650,109550
https://www.idealista.com/inmueble/107184542/,piso,"calle del montsant, 34, can peguera  el turo de la peira, barcelona",,99000,3.0,61,"['3 hab.', '61 m²', 'Bajo exterior sin ascensor']",vivienda okupada ilegalmente en venta. no se puede visitar posibilidad de subrogacion proceso juridico.,,[],,2025-02-01 12:24:47,ocupada,el turo de la peira,0.7450980392156863,80846,el turo de la peira,80800,nou barris,barri,2431,4388,-0.0257,13,0.0681,-0.1611,0.0195,-0.6001,2294,2058,0.4349,12,0.0647,-0.0181,0.1653,9.6036,2095,1327,inf,11,0.0652,0.174,0.3458,12.8063,1,4,1,4,2,3,2,4,2,3,3,3,2.0,1622,0.67,3,793,148291
https://www.idealista.com/inmueble/94698764/,piso,"calle de perafita, 26, ciutat meridiana  torre baro  vallbona, barcelona",,79000,3.0,65,"['3 hab.', '65 m²', 'Planta 1ª exterior sin ascensor']","piso okupado ilgalmente en barcelona. no se puede visitar. posibilidad de subrogacion con el proceso juridico.piso de 65 m2 con 3 habitaciones, comedor amplio, cocina independiente para reformar, bano completo para reformar, las ventanas son de aluminio. se deben actualizar los suministros.",,['para reformar'],,2025-02-01 12:24:47,ocupada,la vila de gracia,0.5882352941176471,80631,la vila de gracia,80600,gracia,barri,4701,2757,-0.0994,18,0.0463,-0.1499,-0.0243,-0.451,4286,8520,-0.0267,16,0.0452,-0.0908,0.0732,4.1878,3913,7505,-0.0748,15,0.0469,0.0359,0.4847,6.9197,1,2,1,3,1,2,1,3,2,1,2,4,2.2,1215,0.26,4,1170,305565
https://www.idealista.com/inmueble/103684588/,piso,"calle de palerm, 4, el besos, barcelona",,85000,2.0,54,"['2 hab.', '54 m²', 'Planta 3ª exterior sin ascensor']","piso en besos, con 54 m construidos, 51 m utiles, 2 dormitorios, 1 banos, para reformar, exterior, planta 3, cocina independiente, mas de 30 anos. piso en venta ocupado! en el besos, ocupado no visitable ubicado en la calle palerm. totalmente exterior, consta de 2 habitaciones, 1 doble y la segunda individual, se en",,"['1 banos', 'para reformar', 'totalmente exterior']",,2025-02-01 12:24:47,ocupada,el poblenou,0.631578947368421,81068,el poblenou,81000,sant marti,barri,4577,2220,0.7777,18,0.0495,-0.1266,-0.014,-0.2634,4180,2194,0.063,16,0.0474,-0.054,0.0231,-0.586,3773,4227,-0.0036,15,0.0482,0.1468,0.1281,10.9768,1,2,2,3,1,2,1,3,2,2,3,2,2.3,1574,0.34,4,972,247158
https://www.idealista.com/inmueble/107170842/,piso,"el congres i els indians, barcelona",,98000,1.0,63,"['1 hab.', '63 m²', 'Bajo exterior sin ascensor']","se vende espacio de 58 m reformado como vivienda de 1 dormitorio, situado en una ubicacion privilegiada, cerca de todo tipo de servicios y con excelentes conexiones de transporte.dispone de un amplio y luminoso salon comedor, perfecto para disfrutar de un ambiente comodo y acogedor. la cocina office, moderna y funci",,"['luminoso', 'm reformado']",,2025-02-01 12:24:47,disponible,el congres i els indians,1.0,80962,el congres i els indians,80900,sant andreu,barri,3117,6936,-0.153,14,0.0548,-0.1157,0.0039,-0.42,2910,5056,-0.0853,13,0.0537,-0.0333,-0.0605,4.4392,2623,3020,-0.0681,12,0.0556,0.1319,0.0947,29.8791,1,3,2,4,1,2,2,2,2,2,3,2,2.7,1555,0.5,3,882,196371
https://www.idealista.com/inmueble/107161901/,estudio,"calle de la jota, vilapicina i la torre llobeta, barcelona",,78000,,40,"['40 m²', 'Bajo exterior sin ascensor']","dolca llar nou barris te presenta este acogedor estudio de 45m construidos. este espacio ofrece una distribucion abierta que combina salon, cocina americana, dormitorio y bano en una sola estancia, ideal para quienes buscan comodidad y funcionalidad. disfruta de una pequena terraza con galeria para lavado. ademas, tie",83000.0,"['estudio', 'terraza']",,2025-02-01 12:24:47,disponible,la font de la guatlla,0.5405405405405406,80314,la font de la guatlla,80300,sants montjuic,barri,3394,1401,-1.1685,15,0.0562,-0.1502,0.049,-0.3566,3279,1795,-0.2328,14,0.0529,-0.0354,0.0873,5.2858,2988,1621,-0.1551,13,0.0545,0.026,0.266,8.9567,1,3,1,4,1,2,2,3,2,2,2,3,2.7,1950,0.57,3,600,135760
https://www.idealista.com/inmueble/107104669/,piso,"calle de la reina amalia, el raval, barcelona",,80000,2.0,50,"['2 hab.', '50 m²', 'Entreplanta interior sin ascensor']","piso en venta en ciutat vella, barcelona.piso de 46 m distribuido en salon comedor, cocina, 2 habitaciones y 1 bano.ubicado en una finca residencial en el barrio de ciutat vella junto a ronda sant pau, cerca de servicios, comercios, del mercado de sant antoni, de la parada de parallel (l2, l3). con facil acceso a l",,[],,2025-02-01 12:24:47,disponible,el raval,1.0,80101,el raval,80100,ciutat vella,barri,3007,11779,-inf,15,0.0632,-0.1448,0.0046,-0.2258,3034,2250,0.0482,14,0.0584,-0.1466,0.1385,-0.3722,2919,5179,0.0378,13,0.0575,-0.0235,0.3742,9.2588,1,3,2,4,2,3,1,4,3,2,2,3,2.7,1600,0.53,3,750,150350
https://www.idealista.com/inmueble/107155596/,estudio,"la teixonera, barcelona",,98000,,94,"['94 m²', ' exterior sin ascensor']","cerca parc creueta del coll y junto hospital vall d'hebron y hospital san rafael. calle mare deu dels angels, amplio local de 90 metros aproximadamente, diafano, apto para loft vivienda, entrada por calle y vestibulo, cocina, bano completo y dos aseos, puerta y ventana a la calle, comunicado por metro linea l5 y autobu",,"['local', 'metro']",,2025-02-01 12:24:47,disponible,la teixonera,1.0,80738,la teixonera,80700,horta guinardo,barri,2619,456,-0.1742,14,0.0666,-0.1796,-0.028,-0.2093,2464,452,-0.0438,13,0.065,-0.0925,0.2326,-0.5022,2239,1001,0.1162,12,0.0666,0.1589,0.2862,14.0324,1,4,1,3,1,3,1,4,2,3,3,3,3.0,1042,0.4,3,1316,246186
https://www.idealista.com/inmueble/107154152/,piso,"ciutat meridiana  torre baro  vallbona, barcelona",,80000,2.0,60,"['2 hab.', '60 m²', 'Bajo exterior sin ascensor']","piso en planta bajos, totalmente exterior, con 2 dormitorios, cocina con amplia galeria, bano, salon comedor independiente, bano. con suelos de gres.totalmente exterior e iluminado!rodeado de zonas verdes y naturaleza, y muy cerca de la parada de metro de ciutat meridiana (l11).financiamos el 100%! en el precio",,"['metro', 'totalmente exterior']",,2025-02-01 12:24:47,disponible,ciutat meridiana,0.5925925925925926,80855,ciutat meridiana,80800,nou barris,barri,1608,795,2.0107,10,0.0791,-0.126,-0.0569,0.1741,1768,741,1.1003,9,0.0673,-0.0745,-0.0235,0.0806,1557,596,0.1067,8,0.0698,-0.0334,0.4835,1.1948,1,5,2,3,2,4,1,3,2,3,2,4,2.4,1333,0.83,2,600,96480
https://www.idealista.com/inmueble/107141583/,piso,"calle de la mina de la ciutat, les roquetes, barcelona",,85000,2.0,25,"['2 hab.', '25 m²', 'Bajo sin ascensor']","escriturado como vivienda, no dispone de cedula de habitabilidad.",110000.0,['de cedula'],,2025-02-01 12:24:47,disponible,les roquetes,1.0,80850,les roquetes,80800,nou barris,barri,2191,445,-0.1124,13,0.0763,-0.1657,0.0767,-0.2558,2010,1816,-0.0026,12,0.0755,-0.0427,0.2634,4.4659,1819,1760,inf,11,0.0757,0.1139,0.5133,6.3741,1,5,1,4,1,4,2,5,2,4,2,4,2.0,3400,1.55,1,325,54775
https://www.idealista.com/inmueble/107115849/,estudio,"calle de romani, les roquetes, barcelona",,95000,,35,"['35 m²', 'Entreplanta interior sin ascensor']","piso en venta en nou barris, barcelona.estudio de 31m (aprox. ), distribuidos en salon comedor, cocina independiente, 1 bano y una gran terraza.ubicado en una finca residencial, en una zona tranquila, cerca de servicios, comercios centros educativos, de la parada de metro roquetas (l3). con facil acceso a la ronda",,"['estudio', 'terraza', 'metro']",,2025-02-01 12:24:47,disponible,la vall d'hebron,0.5806451612903226,80741,la vall d'hebron,80700,horta guinardo,barri,3255,12270,-inf,15,0.0586,0.0365,-0.1829,0.0774,3268,972,-inf,13,0.0512,0.1294,-0.1784,3.4736,3052,688,-inf,12,0.051,0.1684,0.0736,8.8422,1,3,4,1,1,2,3,2,2,2,3,2,2.1,2714,0.83,2,525,113925
https://www.idealista.com/inmueble/107105229/,piso,"ciutat meridiana  torre baro  vallbona, barcelona",,80000,2.0,60,"['2 hab.', '60 m²', 'Bajo exterior sin ascensor']","piso en planta bajos, totalmente exterior, con 2 dormitorios, cocina con amplia galeria, bano, salon comedor independiente, bano. con suelos de gres.totalmente exterior e iluminado!rodeado de zonas verdes y naturaleza, y muy cerca de la parada de metro de ciutat meridiana (l11).financiamos el 100%! en el precio",,"['metro', 'totalmente exterior']",,2025-02-01 12:24:47,disponible,ciutat meridiana,0.5925925925925926,80855,ciutat meridiana,80800,nou barris,barri,1608,795,2.0107,10,0.0791,-0.126,-0.0569,0.1741,1768,741,1.1003,9,0.0673,-0.0745,-0.0235,0.0806,1557,596,0.1067,8,0.0698,-0.0334,0.4835,1.1948,1,5,2,3,2,4,1,3,2,3,2,4,2.4,1333,0.83,2,600,96480
https://www.idealista.com/inmueble/107099863/,piso,"calle de sant iscle, can peguera  el turo de la peira, barcelona",,65600,1.0,39,"['1 hab.', '39 m²', 'Planta 1ª exterior sin ascensor']","oportunidad de inversion: inmueble sin posesion. imposibilidad de visita interior, no se puede financiar la compra de este inmueble. advertimos que la informacion contenida puede no estar actualizada, solicita mas informacion sobre el activo sin compromiso.",,"['oportunidad', 'inversion']",,2025-02-01 12:24:47,ocupada,el turo de la peira,0.7450980392156863,80846,el turo de la peira,80800,nou barris,barri,2431,4388,-0.0257,13,0.0681,-0.1611,0.0195,-0.6001,2294,2058,0.4349,12,0.0647,-0.0181,0.1653,9.6036,2095,1327,inf,11,0.0652,0.174,0.3458,12.8063,1,4,1,4,2,3,2,4,2,3,3,3,2.0,1682,0.69,3,507,94809
https://www.idealista.com/inmueble/107098131/,piso,"calle de sant iscle, can peguera  el turo de la peira, barcelona",,60800,1.0,33,"['1 hab.', '33 m²', 'Planta 1ª exterior sin ascensor']","oportunidad de inversion: inmueble sin posesion. imposibilidad de visita interior, no se puede financiar la compra de este inmueble. advertimos que la informacion contenida puede no estar actualizada, solicita mas informacion sobre el activo sin compromiso.",,"['oportunidad', 'inversion']",,2025-02-01 12:24:47,ocupada,el turo de la peira,0.7450980392156863,80846,el turo de la peira,80800,nou barris,barri,2431,4388,-0.0257,13,0.0681,-0.1611,0.0195,-0.6001,2294,2058,0.4349,12,0.0647,-0.0181,0.1653,9.6036,2095,1327,inf,11,0.0652,0.174,0.3458,12.8063,1,4,1,4,2,3,2,4,2,3,3,3,1.4,1842,0.76,2,429,80223
https://www.idealista.com/inmueble/103966980/,piso,"calle de les agudes, ciutat meridiana  torre baro  vallbona, barcelona",,58700,2.0,60,"['2 hab.', '60 m²', ' sin ascensor']","vivienda en el municipio de barcelona, provincia de barcelona. el inmueble se encuentra en una zona tranquila, rodeado por viviendas residenciales de similares caracteristicas. cuenta con facil acceso a la carretera y otros nudos de comunicacion. cercano a establecimientos y comercios de la zona. el inmueble se encue",62400.0,[],,2025-02-01 12:24:47,disponible,sant genis dels agudells,0.6511627906976745,80739,sant genis dels agudells,80700,horta guinardo,barri,2960,287,-1.9914,10,0.044,-0.0194,-0.2551,-0.2145,2267,487,-0.3556,10,0.0598,0.0573,0.0195,3.3923,2077,958,inf,10,0.06,0.1558,-0.2203,3.2054,1,2,3,1,1,3,3,3,2,2,3,1,3.2,978,0.33,4,600,177600
https://www.idealista.com/inmueble/102533520/,piso,"calle del pedraforca, ciutat meridiana  torre baro  vallbona, barcelona",,69000,2.0,60,"['2 hab.', '60 m²', ' sin ascensor']","piso situado en la 4 planta de un edificio plurifamiliar bajo rasante con 4 alturas en el municipio de barcelona, provincia de barcelona. la vivienda tiene 66 m2. el inmueble se encuentra en una zona tranquila, rodeado por viviendas residenciales de similares caracteristicas. cuenta con facil acceso a la carretera y o",73400.0,['bajo'],,2025-02-01 12:24:47,disponible,la vila de gracia,0.5405405405405406,80631,la vila de gracia,80600,gracia,barri,4701,2757,-0.0994,18,0.0463,-0.1499,-0.0243,-0.451,4286,8520,-0.0267,16,0.0452,-0.0908,0.0732,4.1878,3913,7505,-0.0748,15,0.0469,0.0359,0.4847,6.9197,1,2,1,3,1,2,1,3,2,1,2,4,3.8,1150,0.24,5,1080,282060
https://www.idealista.com/inmueble/103023356/,piso,"calle del pou, la prosperitat, barcelona",,77900,2.0,49,"['2 hab.', '49 m²', ' sin ascensor']","vivienda piso situado en un edificio residencial en la ciudad de barcelona. el inmueble se encuentra ocupado ilegalmente por terceros y sin los suministros debidamente contratados. el inmueble se transmitira: (i) como cuerpo cierto y a tanto alzado (ii) como un todo, inseparable (iii) en el estado registral y catastr",82900.0,[],,2025-02-01 12:24:47,ocupada,la prosperitat,1.0,80852,la prosperitat,80800,nou barris,barri,2589,980,0.1669,13,0.064,-0.1468,-0.0009,0.0702,2459,807,-0.3789,12,0.0633,-0.0943,-0.0345,1.5418,2257,2168,-0.2468,11,0.0641,0.0573,0.0748,6.5762,1,3,1,4,1,3,1,3,2,3,2,2,1.7999999999999998,1589,0.61,3,637,126861
https://www.idealista.com/inmueble/104992689/,piso,"calle de les agudes, ciutat meridiana  torre baro  vallbona, barcelona",,98000,3.0,57,"['3 hab.', '57 m²', ' sin ascensor']","piso de 3 dormitorios y de 1 bano en barcelona. cuenta con una superficie de 57 m2. el inmueble se transmite arrendado a tercero y con un posible derecho de este a la adquisicion preferente del mismo. el inmueble se transmitira: (i) como cuerpo cierto y a tanto alzado (ii) como un todo, inseparable (iii) en el estado",102000.0,[],,2025-02-01 12:24:47,alquilada,sant genis dels agudells,0.6511627906976745,80739,sant genis dels agudells,80700,horta guinardo,barri,2960,287,-1.9914,10,0.044,-0.0194,-0.2551,-0.2145,2267,487,-0.3556,10,0.0598,0.0573,0.0195,3.3923,2077,958,inf,10,0.06,0.1558,-0.2203,3.2054,1,2,3,1,1,3,3,3,2,2,3,1,2.6,1719,0.58,3,570,168720
https://www.idealista.com/inmueble/102769024/,piso,"calle de la foradada, la trinitat vella, barcelona",,46800,2.0,45,"['2 hab.', '45 m²', ' sin ascensor']","piso en planta baja compuesto de recibidor, paso, cocina, comedor estar, 2 dormitorios y 1 bano en edificio plurifamiliar de seis plantas sobre rasante en la localidad de barcelona. sin ascensor. necesita reforma integral. el distrito de sant andreu es un distrito donde se funde el caracter mas moderno e innovador del",47800.0,"['sin ascensor', 'necesita reforma ']",,2025-02-01 12:24:47,disponible,el turo de la peira,0.5128205128205128,80846,el turo de la peira,80800,nou barris,barri,2431,4388,-0.0257,13,0.0681,-0.1611,0.0195,-0.6001,2294,2058,0.4349,12,0.0647,-0.0181,0.1653,9.6036,2095,1327,inf,11,0.0652,0.174,0.3458,12.8063,1,4,1,4,2,3,2,4,2,3,3,3,3.0,1040,0.43,3,585,109395
https://www.idealista.com/inmueble/102533824/,piso,"calle de les agudes, ciutat meridiana  torre baro  vallbona, barcelona",,61300,2.0,50,"['2 hab.', '50 m²', ' sin ascensor']","piso en la calle agudes de la barriada de san andres de palomar, barcelona. tiene una superficie aproximada de 49,64 m2. el inmueble se encuentra ocupado ilegalmente por terceros y sin los suministros debidamente contratados. el inmueble se transmitira: (i) como cuerpo cierto y a tanto alzado (ii) como un todo, insep",65200.0,[],,2025-02-01 12:24:47,ocupada,sant genis dels agudells,0.6511627906976745,80739,sant genis dels agudells,80700,horta guinardo,barri,2960,287,-1.9914,10,0.044,-0.0194,-0.2551,-0.2145,2267,487,-0.3556,10,0.0598,0.0573,0.0195,3.3923,2077,958,inf,10,0.06,0.1558,-0.2203,3.2054,1,2,3,1,1,3,3,3,2,2,3,1,1.6,1226,0.41,3,500,148000
https://www.idealista.com/inmueble/98489180/,piso,"calle de pluto, la teixonera, barcelona",,81000,1.0,50,"['1 hab.', '50 m²', ' sin ascensor']","piso ubicado en la planta sotano de un edificio plurifamiliar de cuatro alturas sobre rasante sin ascensor, situado en el barcelona capital. la vivienda se distribuye en salon con cocina americana y un bano. cuenta con puerta de entrada normal. cocina y banos con paredes alicatadas. carpinteria interior en madera. suel",,"['sin ascensor', 'y banos']",,2025-02-01 12:24:47,disponible,la teixonera,1.0,80738,la teixonera,80700,horta guinardo,barri,2619,456,-0.1742,14,0.0666,-0.1796,-0.028,-0.2093,2464,452,-0.0438,13,0.065,-0.0925,0.2326,-0.5022,2239,1001,0.1162,12,0.0666,0.1589,0.2862,14.0324,1,4,1,3,1,3,1,4,2,3,3,3,3.0,1620,0.62,3,700,130950
https://www.idealista.com/inmueble/104366811/,piso,"avenida dels rasos de peguera, ciutat meridiana  torre baro  vallbona, barcelona",,54200,2.0,55,"['2 hab.', '55 m²', ' sin ascensor']","vivienda piso ubicada en la avenida rasos de peguera, barcelona. el inmueble se transmite arrendado a tercero y con un posible derecho de este a la adquisicion preferente del mismo. el inmueble se transmitira: (i) como cuerpo cierto y a tanto alzado (ii) como un todo, inseparable (iii) en el estado registral y catast",,[],,2025-02-01 12:24:47,alquilada,el turo de la peira,0.5416666666666666,80846,el turo de la peira,80800,nou barris,barri,2431,4388,-0.0257,13,0.0681,-0.1611,0.0195,-0.6001,2294,2058,0.4349,12,0.0647,-0.0181,0.1653,9.6036,2095,1327,inf,11,0.0652,0.174,0.3458,12.8063,1,4,1,4,2,3,2,4,2,3,3,3,3.0,985,0.41,3,715,133705
https://www.idealista.com/inmueble/102134571/,piso,"calle de les agudes, ciutat meridiana  torre baro  vallbona, barcelona",,53400,2.0,57,"['2 hab.', '57 m²', ' sin ascensor']","piso situado en la 1 planta de un edificio plurifamiliar bajo rasante con 5 alturas en el municipio de barcelona, provincia de barcelona. la vivienda tiene 50,30m2. el inmueble se encuentra en una zona tranquila, rodeado por viviendas residenciales de similares caracteristicas. cuenta con facil acceso a la carretera y",,['bajo'],,2025-02-01 12:24:47,disponible,sant genis dels agudells,0.6511627906976745,80739,sant genis dels agudells,80700,horta guinardo,barri,2960,287,-1.9914,10,0.044,-0.0194,-0.2551,-0.2145,2267,487,-0.3556,10,0.0598,0.0573,0.0195,3.3923,2077,958,inf,10,0.06,0.1558,-0.2203,3.2054,1,2,3,1,1,3,3,3,2,2,3,1,3.2,936,0.32,4,570,168720
https://www.idealista.com/inmueble/102842197/,piso,"calle de travau, can peguera  el turo de la peira, barcelona",,82400,2.0,59,"['2 hab.', '59 m²', ' sin ascensor']","vivienda en el municipio de barcelona, provincia de barcelona. el inmueble se encuentra en una zona tranquila, rodeado por viviendas residenciales de similares caracteristicas. cuenta con facil acceso a la carretera y otros nudos de comunicacion. cercano a establecimientos y comercios de la zona. el inmueble ha sido",,[],,2025-02-01 12:24:47,disponible,la vila de gracia,0.5625,80631,la vila de gracia,80600,gracia,barri,4701,2757,-0.0994,18,0.0463,-0.1499,-0.0243,-0.451,4286,8520,-0.0267,16,0.0452,-0.0908,0.0732,4.1878,3913,7505,-0.0748,15,0.0469,0.0359,0.4847,6.9197,1,2,1,3,1,2,1,3,2,1,2,4,3.2,1396,0.3,4,1062,277359
